2536946	341205295	Keckleonkingz	you will respect GOD TECHIES	0	901000
2536947	341205295	INipzz	"use your heads guys, ""drow cant do what old drow did so shes bad"" BrokeBack"	0	910000
2536948	341205295	MarcusHash	@thafastman To be fair, the team VP were against in that match were way lower in terms of skill... So only major will show if Dazzle on pos. 3 is rly viable	0	913000
2536949	341205295	littlefinger47	ihop	0	931000
2536950	341205295	strangemeson	Why do I keep getting timed out BibleThump	0	932000
2536951	341205295	toomanykooks	WAFFLE HOUSE	0	933000
2536952	341205295	iced_decaf	why would u pick drow when every other archer or ranged hero gives u much more	0	936000
2536953	341205295	yrane	drunk dennys is awesome	0	937000
2536954	341205295	doctorzags	ihop is shitttt	0	938000
2536955	341205295	Keckleonkingz	^	0	939000
2536956	341205295	Cpattom	Waffle House Duh	0	940000
2536957	341205295	tag_me_lf_valve_ban_china	CASINO NIGHT	0	940000
2536958	341205295	weizhiperuano	LETS GO THUNDER!	0	941000
2536959	341205295	mayonnaise_jackson	WAFFLEEEHOUSEEEE	0	942000
2536960	341205295	werph	Embrace Yourself... Macro os coming NotLikeThis NotLikeThis	0	944000
2536961	341205295	mitchmas4321	enigma ?	0	944000
2536962	341205295	shinpete	Checkmate dennys	0	944000
2536963	341205295	savagekilluh311	fuck that WAFFLEHOUSE	0	948000
2536964	341205295	Keckleonkingz	Ihop is shit Denny so much better	0	950000
2536965	341205295	KeplersConjecture	Waffle House is the best late night food	0	955000
2536966	341205295	shinpete	Waffle House PogChamp	0	955000
2536967	341205295	FLOODracer	IHOP so much better than Denny's	0	955000
2536968	341205295	LexTap	international house of burgers > shit dennys	0	955000
2536969	341205295	toomanykooks	these fools don't know the WaHo	0	956000
2536970	341205295	backdownbob	D:	0	956000
2536971	341205295	INipzz	@iced_decaf dont bother trying it out then, leave her for the ones who will	0	958000
2536972	341205295	iced_decaf	Dennys Kreygasm	0	960000
2536973	341205295	derkarus	McD breakfast is godly @BeyondTheSummit	0	963000
2536974	341205295	sadielady45	D:	0	963000
2536975	341205295	ezrelapze	FIRED	0	964000
2536976	341205295	tag_me_lf_valve_ban_china	CASINO KNIGHT OSFrog	0	965000
2536977	341205295	swagswag338	D:	0	968000
2536978	341205295	yopie96	>oven	0	970000
2536979	341205295	Fruktoman	KKona Clap	0	970000
2536980	341205295	buneineiZ	McD hasbrowns Kreygasm	0	972000
2536981	341205295	Keckleonkingz	its literally Waffle house >>>>>>>> everything else	0	972000
2536982	341205295	Greger24688	D:	0	975000
2536983	341205295	daftchap	D:	0	975000
2536984	341205295	ezrelapze	FIRE CAP NOW	0	975000
2536985	341205295	Leonardo_bla	fired	0	975000
2536986	341205295	SaltyRisu	dude McD's breakfast is the only thing good there wtf	0	975000
2536987	341205295	sadielady45	dude if cap had ever gone to mcdonalds for bfast he would know	0	977000
2536988	341205295	Sakabat0	that guy Capitalist is so strange.... McDonalds breakfast is legendary	0	977000
2536989	341205295	hari_seldon	D:	0	977000
2536990	341205295	Setver	LUL	0	977000
2536991	341205295	iced_decaf	@INipzz what items do u suggest on drow LUL	0	979000
2536992	341205295	shinpete	D: Grandma D:	0	981000
2536993	341205295	Nrootn_marry_me322	KKona MCDONALS	0	982000
2536994	341205295	tag_me_lf_valve_ban_china	D:	0	982000
2536995	341205295	luk_kk	savage	0	982000
2536996	341205295	wrik___hoover	LUL	0	985000
2536997	341205295	kevinararagi_	KKona killing is normal	0	985000
2536998	341205295	Shcroth	KKona s amirite	0	986000
2536999	341205295	swagswag338	McD breakfast is that good good	0	987000
2537000	341205295	justBender	omg Graaant wwwaaay toooo muuuch your grandma ???	0	989000
2537001	341205295	MartiansAreHere	KKona 7	0	989000
2537002	341205295	Sapntaps	D: GAM GAM PepeHands	0	989000
2537003	341205295	eurekaesperi	mcd breakfsat is god	0	989000
2537004	341205295	alextbull	MCDONALDS HAS THE BEST FRIES IN THE GAME	0	990000
2537005	341205295	congelatio232	this dumb grant talking about mcdonalds again pls stfu SwiftRage	0	991000
2537006	341205295	navi_eliminated_tobi_rage	KKona	0	992000
2537007	341205295	iced_decaf	hash browns PogChamp	0	995000
2537008	341205295	OnlyPlaysRimworld	cap was born in a VAN down by the RIVER	0	995000
2537009	341205295	AppelPiraat	HOME COOKED MEAL > SHITTY FASTFOOD	0	995000
2537010	341205295	PooKiiee	KKona Clap america fast food	0	995000
2537011	341205295	nickmcd209	artificial breakfast gross ass shit	0	998000
2537012	341205295	Derriesenraddieb	@Sakabat0 what is legendary about it? the amount of trash?	0	1000000
2537013	341205295	2YearOldDisabledDog	moon2D	0	1000000
2537014	341205295	navi_eliminated_tobi_rage	KKona god bless american cuisine	0	1003000
2537015	341205295	MartiansAreHere	OpieOP üçî	0	1003000
2537016	341205295	INipzz	@iced_decaf damage and survivability, she can man up instead of needing to always be elusive or else she dead	0	1010000
2537017	341205295	Greger24688	SourPls	0	1011000
2537018	341205295	LexTap	@Derriesenraddieb the amount of diabetes it gives people LUL	0	1017000
2537019	341205295	OnlyPlaysRimworld	mcdonalds used to be good i nthe 80s.. mmm cocaine too TheThing	0	1021000
2537020	341205295	Nrootn_marry_me322	EDM DANCER LUL	0	1028000
2537021	341205295	ezrelapze	VIEW BOT	0	1028000
2537022	341205295	Eggy27	OMEGALUL	0	1032000
2537023	341205295	tag_me_lf_valve_ban_china	LUL	0	1033000
2537024	341205295	InternetFailure	did he just use the terms McDonald's and fresh in the same sentence?	0	1034000
2537025	341205295	INipzz	I think you can figure it from there, it's some of the same items people built on old drow just to farm/stay alive, they just work better on new drow	0	1036000
2537026	341205295	buneineiZ	LUL	0	1039000
2537027	341205295	iMoTeP_oMaR	EGM dancer?	0	1040000
2537028	341205295	MarcusHash	OMEGALUL	0	1040000
2537029	341205295	shinpete	BEN LUL WU LUL	0	1042000
2537030	341205295	shurikane	merloobi PogChamp	0	1043000
2537031	341205295	toomanykooks	MERLINI	0	1043000
2537032	341205295	jgovernors	its capoeira..... the sexiest of dancing	0	1046000
2537033	341205295	Derriesenraddieb	@LexTap true	0	1048000
2537034	341205295	Eggy27	@INipzz you're here Pog	0	1048000
2537035	341205295	npk19	that pa taunt is cool	0	1048000
2537036	341205295	navi_eliminated_tobi_rage	LUL BEN WU LUL	0	1050000
2537037	341205295	SgtScrubNoob	LUL	0	1051000
2537038	341205295	ezrelapze	Did a flip after a streamer asked. PA IS WATCHING THE STREAM	0	1051000
2537039	341205295	tomaktoma1	MingLee	0	1054000
2537040	341205295	YahpetS	LUL	0	1055000
2537041	341205295	shinpete	Nyx Support DansGame	0	1057000
2537042	341205295	DottoreLunchmeat	offlane PA ü§î	0	1066000
2537043	341205295	MartiansAreHere	Mer MingLee Lee MingLee Ni	0	1069000
2537044	341205295	tag_me_lf_valve_ban_china	CK SUP RUB CARRY PogChamp	0	1070000
2537045	341205295	Moobot	Join the Beyond The Summit community Discord: http://discord.gg/bts	0	1070000
2537046	341205295	Alex_322_	now thats a LOTTA DAMAGE	0	1073000
2537047	341205295	JBtwitchtv	"@jgovernors u mispelled ""deadliest"""	0	1073000
2537048	341205295	iced_decaf	@INipzz i'll pick mirana instead LUL her e does what drows ult does LUL	0	1077000
2537049	341205295	NeoCat1993	CS LuL	0	1087000
2537050	341205295	Hijackedbunny	needs some FLEX TAPE for all that damage	0	1089000
2537051	341205295	Moobot	Follow BTS on Twitter https://twitter.com/BeyondTheSummit	0	1089000
2537052	341205295	shinpete	DUSTER? SoBayed	0	1092000
2537053	341205295	INipzz	@iced_decaf LUL okay LUL LUL	0	1096000
2537054	341205295	tag_me_lf_valve_ban_china	LEE MingLee MING MingLee HO MingLee	0	1096000
2537055	341205295	fresh_mojo	ember is cleaning up CS rn	0	1098000
2537056	341205295	Gimpy_joe	LUL Grant doesn't know the difference between people who sit at home and listen to EDM and people who go to concerts for it LUL	0	1098000
2537057	341205295	shurikane	WutFace	0	1102000
2537058	341205295	Arentved	does misery live in south america? or playing with high ping	0	1108000
2537059	341205295	Duck1t	nobodywatched esl LUL	0	1110000
2537060	341205295	JBtwitchtv	do i reinstall dota 2?	0	1111000
2537061	341205295	shinpete	PAIN LUL	0	1116000
2537062	341205295	unrstrctd	no	0	1119000
2537063	341205295	sadielady45	D: with duster?	0	1122000
2537064	341205295	Nucleus_238	The major had terrible group format though @BeyondTheSummit	0	1124000
2537065	341205295	Andronious88	Are you a masochist? IF SO	0	1125000
2537066	341205295	Eggy27	yes	0	1126000
2537067	341205295	MartiansAreHere	@JBtwitchtv no	0	1129000
2537068	341205295	MarcusHash	TriHard Clap	0	1130000
2537069	341205295	TheWbarletta	@JBtwitchtv why did you uninstall	0	1131000
2537070	341205295	Aq00z	@Arentved live in SA	0	1131000
2537071	341205295	htfup	TriHard	0	1132000
2537072	341205295	sadielady45	D: duster is great D:	0	1132000
2537073	341205295	navi_eliminated_tobi_rage	TriHard 7	0	1133000
2537074	341205295	kobo	why not just deny it	0	1136000
2537075	341205295	GrechiM	yea the bombed hard	0	1136000
2537076	341205295	tag_me_lf_valve_ban_china	cmonBruh	0	1137000
2537077	341205295	sadielady45	D: check urself D:	0	1138000
2537078	341205295	megalesma	being last in ti is so underlooked as an achievement	0	1139000
2537079	341205295	yopie96	capitalist is observing isnt he	0	1141000
2537080	341205295	GunnarDotA2	@sadielady45 D:	0	1142000
2537081	341205295	JBtwitchtv	LUL	0	1145000
2537082	341205295	Fruktoman	TriHard	0	1145000
2537083	341205295	Setver	LUL	0	1145000
2537084	341205295	iamTheDuelist	BANNED in AFRICA! cmonBruh	0	1145000
2537085	341205295	your_african_lover	ATUN ARMLET SCRIPTS monkaS	0	1148000
2537086	341205295	sadielady45	FeelsBadMan don't remind me about ti FeelsBadMan	0	1153000
2537087	341205295	Arentved	in brazil? @Aq00z	0	1153000
2537088	341205295	Gimpy_joe	capW	0	1158000
2537089	341205295	sadielady45	@GunnarDotA2 D:	0	1160000
2537090	341205295	EricChangOfficial	SADIE LADY HAS SPOKEN	0	1160000
2537091	341205295	Aq00z	@Arentved yep	0	1166000
2537092	341205295	iced_decaf	is BSJ playing qualifiers LUL	0	1168000
2537093	341205295	Greger24688	D:	0	1170000
2537094	341205295	MartiansAreHere	Sooner or later LaterSooner I will feed	0	1171000
2537095	341205295	Setver	PogChamp	0	1174000
2537096	341205295	shinpete	EZ Clap	0	1174000
2537097	341205295	sadielady45	being a pain stan is hard busines friends FeelsBadMan	0	1175000
2537098	341205295	futton_okarin	rofl	0	1178000
2537099	341205295	Arentved	sounds suicidal	0	1179000
2537100	341205295	EricChangOfficial	EZ Clap	0	1180000
2537101	341205295	unclegrandpa420	!title	0	1181000
2537102	341205295	Moobot	@unclegrandpa420 Title is: LIVE: Thunder Predator vs paiN bo3 | Chongqing Major SA Playoffs w/ Blitz, Capitalist, & GrandGrant	0	1181000
2537103	341205295	tag_me_lf_valve_ban_china	FARIE NotLikeThis	0	1181000
2537104	341205295	silkyismooth	peru dota	0	1182000
2537105	341205295	Crystian6	4Head	0	1182000
2537106	341205295	weizhiperuano	THINKING ATUN USES SCRIPTS RACISTS	0	1184000
2537107	341205295	navi_eliminated_tobi_rage	LaterSooner later sooner i will feed	0	1187000
2537108	341205295	BareWMe	Atuun macro inc	0	1187000
2537109	341205295	PooKiiee	EZ Clap	0	1187000
2537110	341205295	Eggy27	@iced_decaf has to qualify first lol	0	1188000
2537111	341205295	Artaud985	LUL	0	1188000
2537112	341205295	goth_boi__clique	Pog	0	1188000
2537113	341205295	mr_water123	who won infamous vs thunder predator?	0	1188000
2537114	341205295	net00	rooEZ Clap	0	1194000
2537115	341205295	sadielady45	@mr_water123	0	1195000
2537116	341205295	weizhiperuano	RACIST MOTHERFUCKERS LUL	0	1196000
2537117	341205295	sadielady45	TP	0	1197000
2537118	341205295	tag_me_lf_valve_ban_china	Use farie rubick NotLikeThis	0	1200000
2537119	341205295	sadielady45	oops thunder predator*	0	1202000
2537120	341205295	iced_decaf	@Eggy27 :O	0	1205000
2537121	341205295	Derriesenraddieb	@mr_water123 thunder	0	1205000
2537122	341205295	Sakabat0	Capitalist and blitz are closet homosexuals 100%.	0	1205000
2537123	341205295	yopie96	WOW PULLING THE SMALL CAMP	0	1207000
2537124	341205295	Skull644	LaterSooner	0	1208000
2537125	341205295	Your___Eulogy	oh. it's SA dota.. cya LULW	0	1210000
2537126	341205295	unrstrctd	@weizhiperuano ???	0	1214000
2537127	341205295	2YearOldDisabledDog	moon2S catch all the spells	0	1214000
2537128	341205295	MartiansAreHere	LUL	0	1215000
2537129	341205295	Gimpy_joe	capCap <3 capBlitz	0	1218000
2537130	341205295	Skull644	sjowBan	0	1224000
2537131	341205295	tag_me_lf_valve_ban_china	HEAL BOMB ??? LUL	0	1226000
2537132	341205295	navi_eliminated_tobi_rage	LUL	0	1231000
2537133	341205295	no1hasthisone	poison strike?	0	1236000
2537134	341205295	Pararunner	moon2S	0	1237000
2537135	341205295	tag_me_lf_valve_ban_china	where is the heal bomb ??? LUL	0	1242000
2537136	341205295	net00	rooVV	0	1244000
2537137	341205295	weizhiperuano	@unrstrctd he used mouse macros once and he stopped yet chat thinks he's a cheater because he's from peru	0	1250000
2537138	341205295	x42bn6	Jebaited	0	1251000
2537139	341205295	OnlyPlaysRimworld	Jebaited D:	0	1253000
2537140	341205295	MartiansAreHere	LUL	0	1253000
2537141	341205295	WoaLLy1	Atun macro? PogChamp	0	1267000
2537142	341205295	mitchmas4321	LUL	0	1268000
2537143	341205295	kevinararagi_	ATUN WITHOUT ARMLET LUL	0	1271000
2537144	341205295	Will_of_Ori	moon2S	0	1272000
2537145	341205295	MartiansAreHere	w33 haHAA	0	1273000
2537146	341205295	shinpete	w33ha losing mid to ember LUL	0	1278000
2537147	341205295	Nirconus	press 1 to die instantly	0	1278000
2537148	341205295	iced_decaf	atuuuuuuun Poooound	0	1283000
2537149	341205295	Teodim	ATUN MACROS	0	1284000
2537150	341205295	unrstrctd	@weizhiperuano its a fcking meme, callate	0	1285000
2537151	341205295	INipzz	@weizhiperuano yeah that's not why people say that still	0	1285000
2537152	341205295	kirbynator	@weizhiperuano so he cheated and its twitch chats fault for saying hes a cheater? LUL	0	1286000
2537153	341205295	DottoreLunchmeat	no macros for you atun LUL	0	1287000
2537154	341205295	lucaslobooo	meepo atun retired?	0	1288000
2537155	341205295	lgimlikl	Will Atun macro armlet again?	0	1288000
2537156	341205295	Gimpy_joe	1	0	1289000
2537157	341205295	spookybaboon	F	0	1290000
2537158	341205295	savagekilluh311	carry dazzle LUL	0	1295000
2537159	341205295	Derriesenraddieb	@weizhiperuano so what? w33ha is a cheater and nobody cares he can even play at ti	0	1296000
2537160	341205295	KodeXl	atun wasnt banned????	0	1297000
2537161	341205295	Artaud985	@weizhiperuano man its twich chat..	0	1298000
2537162	341205295	shurikane	PogChamp	0	1299000
2537163	341205295	iced_decaf	macro PogChamp	0	1299000
2537164	341205295	NeoCat1993	PogChamp	0	1301000
2537165	341205295	MartiansAreHere	LUL	0	1301000
2537166	341205295	shinpete	PogChamp	0	1302000
2537167	341205295	cursive23	Stunted on PogChamp	0	1307000
2537168	341205295	OnlyPlaysRimworld	PogChamp duDudu	0	1307000
2537169	341205295	Fruktoman	PogChamp	0	1308000
2537170	341205295	ProSwagger	Just the tip LUL	0	1309000
2537171	341205295	famous_heinous_anus	carry dazzle?	0	1309000
2537172	341205295	shinpete	Tactical Tipping PogChamp	0	1314000
2537173	341205295	sadielady45	Tavo God PogChamp	0	1314000
2537174	341205295	cursive23	BM Tip SeemsGood	0	1317000
2537175	341205295	RaderLLL	offlane dazzle	0	1320000
2537176	341205295	Coriollis	OSFrog problem ?	0	1320000
2537177	341205295	Gimpy_joe	capSK1 capSK2 capSK3	0	1321000
2537178	341205295	iced_decaf	MACRO ON PogChamp	0	1322000
2537179	341205295	INipzz	they're doing it to mess with you or because he was caught once, that's all	0	1323000
2537180	341205295	OnlyPlaysRimworld	@famous_heinous_anus yea its being played as core now	0	1323000
2537181	341205295	Talldude22487	OSFrog I don't see anything wrong here	0	1338000
2537182	341205295	navi_eliminated_tobi_rage	CS LUL	0	1342000
2537183	341205295	iamTheDuelist	just dont get re-hit LUL	0	1342000
2537184	341205295	ritsumania	"@weizhiperuano ""once"" jajaja oe lo hacia desde antes de la major de frankfurt, y su team mate de el ya confeso que lo hacia con todos los heroes a los que macro le fuera util XD"	0	1343000
2537185	341205295	DottoreLunchmeat	OSFrog Clap	0	1344000
2537186	341205295	alpacamon	nope	0	1346000
2537187	341205295	Seedman2014d	OSFrog He's Perfect	0	1350000
2537188	341205295	toxicpycnometer	always caled	0	1353000
2537189	341205295	NeoCat1993	no it wasnt LuL	0	1355000
2537190	341205295	shurikane	cmonBruh	0	1356000
2537191	341205295	MartiansAreHere	Go back to 7.19 WutFace OSFrog	0	1360000
2537192	341205295	famous_heinous_anus	@OnlyPlaysRimworld Ha, and lion and ogre I've heard	0	1361000
2537193	341205295	tomaktoma1	cmonBruh what	0	1368000
2537194	341205295	tag_me_lf_valve_ban_china	TriHard	0	1368000
2537195	341205295	Vigor_Gaming_ViG	I think grand shouldnt be allowed to talk room ambient iq	0	1376000
2537196	341205295	Moobot	Join the Beyond The Summit community Discord: http://discord.gg/bts	0	1376000
2537197	341205295	Fruktoman	PogChamp	0	1378000
2537198	341205295	prep0nderator	:WhatAYolk:	0	1387000
2537199	341205295	KodeXl	r9k mode ResidentSleeper	0	1389000
2537200	341205295	Moobot	Follow BTS on Twitter https://twitter.com/BeyondTheSummit	0	1390000
2537201	341205295	inkthe	4 wraith bands OMEGALUL	0	1390000
2537202	341205295	OnlyPlaysRimworld	KKona ü•ö	0	1391000
2537203	341205295	shadowtake	?	0	1392000
2537204	341205295	backdownbob	?	0	1396000
2537205	341205295	nrgfink	lol wraith band gaming	0	1402000
2537206	341205295	iamTheDuelist	????	0	1403000
2537207	341205295	weizhiperuano	@ritsumania once upon a time, nobody said mouse macros were banned. EternalEnvy has even used mouse macros before and nobody cared because he is canadian, not peruvian	0	1404000
2537208	341205295	BrokeAssChewbacca	whatttttt	0	1406000
2537209	341205295	TheDinosAndTheDrift	hard boiled eggs SUPERIOR	0	1408000
2537210	341205295	Gimpy_joe	KappaPride	0	1408000
2537211	341205295	OnlyPlaysRimworld	never had a hard boiled egg FailFish try to get outside before the age of 30	0	1409000
2537212	341205295	iEv0lv3	Gross	0	1409000
2537213	341205295	gadzy	KappaPride	0	1411000
2537214	341205295	uhtred_from_bebbanburg	forsenBee HONEY DETECTED forsenBee	0	1412000
2537215	341205295	MICHAEL_TEN	???	0	1413000
2537216	341205295	PAR5EC	says the guy who hasn't had mcdonald's breakfast FailFish	0	1414000
2537217	341205295	bavarder	NA DIET LUL	0	1415000
2537218	341205295	shadowtake	?? wtf this is normal food lmaoo	0	1417000
2537219	341205295	Sakabat0	"""should open yourslef up to new experiences"" from the guy that bashed McDonalds breakfast."	0	1419000
2537220	341205295	Shcroth	forsenD	0	1420000
2537221	341205295	Rawbary	wtf. do you guys just eat chicken nuggets	0	1420000
2537222	341205295	yopie96	NA CASTING	0	1422000
2537223	341205295	navi_eliminated_tobi_rage	hard boiled eggs are life	0	1423000
2537224	341205295	Nirconus	@OnlyPlaysRimworld why would you need to go outside for a hardboiled egg	0	1427000
2537225	341205295	C_Sixty_Jam	These normie ass appetites	0	1430000
2537226	341205295	Snievan12	Hard-boiled eggs taste awful. If I wanted to eat something that tasted like farts I'd just stick my face in someones butt	0	1432000
2537227	341205295	shadowtake	10 bucks to eat normal food lol	0	1433000
2537228	341205295	aduck64	NA 4Head	0	1436000
2537229	341205295	iced_decaf	WHAT are these guys WutFace	0	1439000
2537230	341205295	tarantoga21	KKona i eat hamburgers looool	0	1441000
2537231	341205295	2YearOldDisabledDog	Grant only eats fast food. Of course he hasn't had this stuff	0	1441000
2537232	341205295	Aq00z	PA taunt each 10 seg	0	1441000
2537233	341205295	INipzz	@weizhiperuano it's got nothing to do with where they are from... stop trying to push that take	0	1442000
2537234	341205295	sweeeeeeede	4 wraith bands OSFrog	0	1443000
2537235	341205295	MartiansAreHere	LUL	0	1445000
2537236	341205295	jounazs	NA has what, captain crunch and nuggets?	0	1451000
2537237	341205295	lgimlikl	Looks like no Macro no win for TP cheaters 4Head	0	1454000
2537238	341205295	Rawbary	BabyRage I need my tendies. NO EGGS	0	1461000
2537239	341205295	congelatio232	BAN GRANT BAN GRANT BAN GRATN	0	1464000
2537240	341205295	weizhiperuano	@INipzz its got everything to do with where they are from lmao	0	1465000
2537241	341205295	Nirconus	@Snievan12 is that an offer or	0	1465000
2537242	341205295	sadielady45	grant BrokeAssChewbacca	0	1471000
2537243	341205295	sadielady45	oops	0	1473000
2537244	341205295	shinpete	Enigma LUL	0	1476000
2537245	341205295	sadielady45	grant BrokeBack	0	1476000
2537246	341205295	Talldude22487	OSFrog	0	1480000
2537247	341205295	DottoreLunchmeat	Carry Dazzle monkaS	0	1484000
2537248	341205295	tarantoga21	KKona if it doesnt give me diabetes its not good food	0	1489000
2537249	341205295	SoBayed_EleGiggle	grant3 grant4	0	1489000
2537250	341205295	NeoCat1993	BrokeAssChewbacca	0	1489000
2537251	341205295	iamTheDuelist	Bad JUJU	0	1492000
2537252	341205295	navi_eliminated_tobi_rage	lmao dazzul	0	1497000
2537253	341205295	C_Sixty_Jam	BrokeAssChewbacca OpieOP	0	1497000
2537254	341205295	INipzz	@weizhiperuano when did EE do it? and atuun got caught during TI quals? honestly you're as bad as they are	0	1497000
2537255	341205295	x42bn6	Atuun doesn't use macros any more, he just uses word.exe	0	1500000
2537256	341205295	justBender	Grant and Blitz being exhibit/showroom KKonas	0	1501000
2537257	341205295	crazymango21	4 wraith bands	0	1501000
2537258	341205295	emotionlesspassionx	DONT YOUTUBE SEARCH CORGI LAST TRIP BibleThump	0	1517000
2537259	341205295	INipzz	he isnt even being punished for it past the quals, theres no need to bring it up constantly	0	1518000
2537260	341205295	weizhiperuano	EE did it years ago	0	1521000
2537261	341205295	MartiansAreHere	LUL	0	1525000
2537262	341205295	Eggy27	monkaS	0	1530000
2537263	341205295	C_Sixty_Jam	Ok I won't :)	0	1533000
2537264	341205295	navi_eliminated_tobi_rage	DD'd	0	1539000
2537265	341205295	Sakabat0	lookout boys the ch1ngch0ng major is upon us	0	1540000
2537266	341205295	weizhiperuano	im not bringing it up, twitch chat is PunOko	0	1541000
2537267	341205295	PooKiiee	GabeN Clap	0	1544000
2537268	341205295	strangemeson	Where is Duster now chat	0	1546000
2537269	341205295	MartiansAreHere	@x42bn6 wrong game bruh LUL	0	1547000
2537270	341205295	INipzz	@weizhiperuano do you recommend we retroactively punish EE? you saw 1 or 2 people	0	1557000
2537271	341205295	Morimoriforest	4Head reality rift pulling down lift	0	1558000
2537272	341205295	navi_eliminated_tobi_rage	LUL	0	1559000
2537273	341205295	Vigor_Gaming_ViG	LUL	0	1561000
2537274	341205295	v0yageJ	@emotionlesspassionx youre a monster	0	1566000
2537275	341205295	Morimoriforest	no team synergy idiot 4Head	0	1569000
2537276	341205295	INipzz	then claimed that all of Twitch chat and VALVE are racists	0	1570000
2537277	341205295	Eggy27	@strangemeson inactive or something like that	0	1570000
2537278	341205295	isstoolittoquit	TTours	0	1571000
2537279	341205295	iced_decaf	ENVY BrokeBack will become an artifact player LUL	0	1571000
2537280	341205295	kevinararagi_	duster in the trash bin right now LUL	0	1575000
2537281	341205295	tag_me_lf_valve_ban_china	NW LUL	0	1575000
2537282	341205295	NeoCat1993	there's this clip of EEs macro going crazy	0	1580000
2537283	341205295	viewarch	prejudice is real chad	0	1584000
2537284	341205295	tarantoga21	????	0	1587000
2537285	341205295	navi_eliminated_tobi_rage	imagine if ee becomes bald LUL	0	1588000
2537286	341205295	drugski	IM not sure all those shiny things are practical for an assasin	0	1589000
2537287	341205295	weizhiperuano	of course I dont recommend punishing either Envy or Atun, Im just bringing up the hypocrisy of twitch CHAT	0	1591000
2537288	341205295	NeoCat1993	from like late 2016	0	1591000
2537289	341205295	OnlyPlaysRimworld	LUL cap having ptsd flashbacks FeelsBadMan too real	0	1594000
2537290	341205295	strangemeson	@Eggy27 FeelsBadMan	0	1599000
2537291	341205295	tarantoga21	wtf	0	1602000
2537292	341205295	Skull644	sjowLiquid	0	1604000
2537293	341205295	weizhiperuano	there is a reason why GODZ and the rest of BeyondtheSummit defended atun	0	1611000
2537294	341205295	MartiansAreHere	Move to ARTIFACT SeemsGood Don't need MACRO for cards WeSmart	0	1613000
2537295	341205295	INipzz	@weizhiperuano again, you saw 1 or 2 people, or even the same person more than once	0	1614000
2537296	341205295	OnlyPlaysRimworld	^	0	1621000
2537297	341205295	Eggy27	@strangemeson they can benefit from some EU discipline tbh ...they have talent	0	1628000
2537298	341205295	INipzz	you're generalizing which is exactly what racists do	0	1629000
2537299	341205295	harpake	i dont think you get attack speed unless its enemy	0	1631000
2537300	341205295	Morimoriforest	LUL	0	1632000
2537301	341205295	navi_eliminated_tobi_rage	LUL CAP	0	1633000
2537302	341205295	s0undzz	"cap FailFish ""lucky"""	0	1633000
2537303	341205295	BroShock_	Lucky on phantasm 4Head	0	1634000
2537304	341205295	gosuprime	LUL	0	1637000
2537305	341205295	TheWbarletta	CASTER LUL	0	1637000
2537306	341205295	Jellotek	lucky illusions lul	0	1637000
2537307	341205295	prep0nderator	gg	0	1637000
2537308	341205295	Sakabat0	"""luck"""	0	1637000
2537309	341205295	x42bn6	No armlet no win 4Head	0	1638000
2537310	341205295	iamTheDuelist	LUCKY? LUL	0	1638000
2537311	341205295	kevinararagi_	lucky phantasm?	0	1638000
2537312	341205295	OnlyPlaysRimworld	"saying ""chat"" does X is pretty broad generalization"	0	1639000
2537313	341205295	bavarder	"""lucky on the phantasm"" NotLikeThis"	0	1639000
2537314	341205295	tag_me_lf_valve_ban_china	LUL	0	1639000
2537315	341205295	Zeconation	Jujued	0	1639000
2537316	341205295	Graphig	seems liek someone didnt read ck patch notes	0	1640000
2537317	341205295	Navizel	theres no chance anymore lul	0	1640000
2537318	341205295	WoaLLy1	there's no luck on ck ulti now	0	1641000
2537319	341205295	cursive23	Lucky 4Head	0	1641000
2537320	341205295	2YearOldDisabledDog	There's no RNG on phantasms anymore	0	1641000
2537321	341205295	OneAndOnlyyyyy	HEALBOMB PogChamp	0	1641000
2537322	341205295	TwinBatman	isnt it the same number of illu?	0	1641000
2537323	341205295	viewarch	lucky?	0	1641000
2537324	341205295	Vandruis	Dazzle not banned LUL	0	1641000
2537325	341205295	Vintruu	LUCKY LUL	0	1642000
2537326	341205295	bntzz1	lucky?	0	1642000
2537327	341205295	Miqzmiqzmiqz	LUL Lucky Phantasm	0	1643000
2537328	341205295	Pye_D	lucky LOL	0	1643000
2537329	341205295	Setver	'lucky' lol	0	1643000
2537330	341205295	thafastman	Lucky LUL	0	1644000
2537331	341205295	tomaktoma1	BAD JUJU OSFrog	0	1644000
2537332	341205295	emotionlesspassionx	@v0yageJ BibleThump	0	1644000
2537333	341205295	Wikeff	lucky? It is CAPped to 3 now	0	1644000
2537334	341205295	Mattioso_	6k lead 10 minutes in, yikes	0	1644000
2537335	341205295	DottoreLunchmeat	Predictable Knight always summons 3 now Jebaited	0	1646000
2537336	341205295	kazenuri	caster does not listen to purge	0	1647000
2537337	341205295	4n1xb0x	bad juju	0	1647000
2537338	341205295	el_ryaman1	Lucky	0	1648000
2537339	341205295	weizhiperuano	1 or 2 lul	0	1648000
2537340	341205295	Sakabat0	Do these kids even read patch notes? Rofl.	0	1648000
2537341	341205295	MarcusHash	@MartiansAreHere GabeN Clap Nice one	0	1648000
2537342	341205295	dnap123	bad juju	0	1651000
2537343	341205295	Cabineti	lucky with ult Kappa	0	1651000
2537344	341205295	kevinararagi_	PRO CASTER NICE KNOWLEDGE LUL	0	1652000
2537345	341205295	MartiansAreHere	ONLY SKILL SMOrc	0	1653000
2537346	341205295	gosuprime	gg	0	1654000
2537347	341205295	gabdcuenca	it's 3 illus at all level	0	1657000
2537348	341205295	Kakhukhunathi	nokb cap	0	1659000
2537349	341205295	Morimoriforest	FailFish not reading patch notes casters	0	1659000
2537350	341205295	Miqzmiqzmiqz	no one reads anymore LUL	0	1661000
2537351	341205295	deepblue__20	6k Caster LUL	0	1662000
2537352	341205295	bodashat2	lucky phantasm? what is he read new patch note	0	1662000
2537353	341205295	thafastman	Luck DansGame	0	1663000
2537354	341205295	NeoCat1993	tbh on this level macros doesnt really make a difference - atun showed in his vid he can do the same without it	0	1663000
2537355	341205295	Vigor_Gaming_ViG	the phantasm its only 3 now noob casters	0	1663000
2537356	341205295	navi_eliminated_tobi_rage	TTours	0	1664000
2537357	341205295	Ddttt	show the dance SwiftRage	0	1664000
2537358	341205295	0wolfheart0	phantasm always same number of illjsions	0	1666000
2537359	341205295	CptBeefheart_	2GD?	0	1666000
2537360	341205295	zimaut	Phantasm now RNG????	0	1668000
2537361	341205295	cursive23	Get paid to cast dota 4Head Don't read the patch notes 4Head Have 2K MMR mechanics knowledge 4Head	0	1670000
2537362	341205295	Pipsqueaker1	Lucky 3 illusions PogChamp	0	1671000
2537363	341205295	exwtm	W33 playing PVE LUL	0	1672000
2537364	341205295	INipzz	just scroll up if you refuse to listen to reason, I dont need to convince you	0	1675000
2537365	341205295	MeccaMaster	F	0	1676000
2537366	341205295	Moobot	Join the Beyond The Summit community Discord: http://discord.gg/bts	0	1676000
2537367	341205295	navi_eliminated_tobi_rage	lmao carty aggro	0	1685000
2537368	341205295	viewarch	im herald, i still read patches eventhough i dont understand most of it	0	1686000
2537369	341205295	exwtm	WAHH	0	1687000
2537370	341205295	TheFogofWar	1 more wraith band he gets tower FailFish	0	1690000
2537371	341205295	Moobot	Follow BTS on Twitter https://twitter.com/BeyondTheSummit	0	1690000
2537372	341205295	MartiansAreHere	322 LUL	0	1700000
2537373	341205295	Morimoriforest	LUL	0	1701000
2537374	341205295	MarcusHash	Kreygasm	0	1703000
2537375	341205295	d1v4no	LUL	0	1703000
2537376	341205295	Duck1t	@exwtm he gave up landing arrows LUL	0	1704000
2537377	341205295	PAR5EC	FailFish	0	1705000
2537378	341205295	Setver	PogChamp	0	1705000
2537379	341205295	CptBeefheart_	OMEGALUL	0	1705000
2537380	341205295	navi_eliminated_tobi_rage	LUL	0	1707000
2537381	341205295	lucazzzdota	LUL	0	1708000
2537382	341205295	2YearOldDisabledDog	Black hole LUL	0	1709000
2537383	341205295	Code_Pharaoh	WUUUUUT	0	1709000
2537384	341205295	OnlyPlaysRimworld	Jebaited FailFish Jebaited black hole for a dead sk	0	1711000
2537385	341205295	JKnight	OSFrog	0	1712000
2537386	341205295	NeoCat1993	LuL	0	1712000
2537387	341205295	iamTheDuelist	OSFrog	0	1713000
2537388	341205295	WoaLLy1	OSFrog	0	1714000
2537389	341205295	SuperThirtySeven37	oh yes balance	0	1715000
2537390	341205295	your_african_lover	OSFrog	0	1715000
2537391	341205295	FunkyFritter	OSFrog	0	1715000
2537392	341205295	R_o_c_a	4Head	0	1716000
2537393	341205295	StefanJM	dazzle LUL	0	1717000
2537394	341205295	Snohconez	dazzle carry lol	0	1717000
2537395	341205295	kazenuri	dazzel seems balanced	0	1717000
2537396	341205295	Morimoriforest	LMAO TRIPLE LUL	0	1717000
2537397	341205295	deepblue__20	OSFrog	0	1717000
2537398	341205295	buneineiZ	OSFrog	0	1717000
2537399	341205295	sirlanceolot	OSFrog	0	1718000
2537400	341205295	TheDinosAndTheDrift	TAVO	0	1718000
2537401	341205295	d1v4no	OSFrog OSFrog OSFrog LUL	0	1718000
2537402	341205295	x42bn6	OSFrog	0	1719000
2537403	341205295	zimaut	WTF	0	1719000
2537404	341205295	tarantoga21	necrowhat?	0	1720000
2537405	341205295	rodoa96	OSFrog	0	1720000
2537406	341205295	bolovorxf	Bad JUJU	0	1720000
2537407	341205295	Pararunner	OSFrog	0	1720000
2537408	341205295	Rawbary	OSFrog	0	1720000
2537409	341205295	Rtc_ti5	TAVO PogChamp	0	1720000
2537410	341205295	antopiosenio	rampage	0	1721000
2537411	341205295	MartiansAreHere	JOO what? cmonBruh	0	1721000
2537412	341205295	elemental753	OSFrog	0	1721000
2537413	341205295	PeZ_	OSfrog	0	1721000
2537414	341205295	Nrootn_marry_me322	DAZZLE OSFrog Clap	0	1721000
2537415	341205295	Talldude22487	OSFrog nothing wrong here	0	1721000
2537416	341205295	shurikane	OSFrog	0	1721000
2537417	341205295	Sakabat0	OSFrog	0	1721000
2537418	341205295	yrane	Dazzle balanced LUL	0	1722000
2537419	341205295	MarcusHash	Get Ju'Jud OSFrog Clap	0	1722000
2537420	341205295	Cheser_	OSFrog	0	1722000
2537421	341205295	Vandruis	OSFrog	0	1723000
2537422	341205295	exwtm	OSFrog	0	1723000
2537423	341205295	Coriollis	OSFrog üëå	0	1724000
2537424	341205295	futton_okarin	OSFrog	0	1724000
2537425	341205295	MajinRay	OSFrong	0	1724000
2537426	341205295	nerobbe28	OSFrog	0	1725000
2537427	341205295	jounazs	OSFROG	0	1725000
2537428	341205295	Krantix	now thats balanced	0	1725000
2537429	341205295	DottoreLunchmeat	This is fine OSFrog Clap	0	1725000
2537430	341205295	cursive23	OSfrog	0	1726000
2537431	341205295	Vigor_Gaming_ViG	LUL LUL LUL	0	1726000
2537432	341205295	Danilson06	TAVO JUST TO GOOD	0	1726000
2537433	341205295	iamdb9	OSFrog	0	1726000
2537434	341205295	loanbis	OSFrog	0	1726000
2537435	341205295	viewarch	curry dazzul Pepega	0	1727000
2537436	341205295	trekz09	OSFrog IM CARRY NOW	0	1727000
2537437	341205295	R_o_c_a	OSFrog	0	1727000
2537438	341205295	harpake	OSFrog	0	1727000
2537439	341205295	justBender	this DAZZLE IS BROKEN	0	1727000
2537440	341205295	redsnapper4	OSFrog	0	1727000
2537441	341205295	ofiorus	OSFrog	0	1728000
2537442	341205295	sweeeeeeede	OSFrog	0	1728000
2537443	341205295	screamingtree420	TAVO POGG	0	1728000
2537444	341205295	DetectivePEJones	OSFrog	0	1729000
2537445	341205295	Derriosdota	Dazzle Kreygasm	0	1729000
2537446	341205295	OnlyPlaysRimworld	LUL 3	0	1730000
2537447	341205295	chily381	osfrog	0	1730000
2537448	341205295	Drahmah_	bad juju	0	1730000
2537449	341205295	Rawbary	OSFrog my finest creation	0	1731000
2537450	341205295	indiemon	OSFrog	0	1731000
2537451	341205295	Ultimate_Kappa	OSFrog	0	1731000
2537452	341205295	xWalnutShrimpx	PogChamp	0	1732000
2537453	341205295	navi_eliminated_tobi_rage	BAD JUJU FTW2	0	1732000
2537454	341205295	PAR5EC	Dazzle top networth LUL	0	1732000
2537455	341205295	mitchmas4321	NotLikeThis	0	1733000
2537456	341205295	drugski	JUJU MA BOI	0	1734000
2537457	341205295	BettersonMcgee	OSFrog üëå	0	1735000
2537458	341205295	leolegall	OSFrog	0	1736000
2537459	341205295	Rtc_ti5	OSfrog	0	1736000
2537460	341205295	Gusta36	dayum	0	1736000
2537461	341205295	gosuprime	9k lead at 12 min OMEGALUL	0	1739000
2537462	341205295	sadielady45	TAVO GOD Kreygasm	0	1740000
2537463	341205295	Shiverwarp	OSFrog Just as I envisaged	0	1740000
2537464	341205295	lil_mexico	Jesus LUL dazzle core	0	1741000
2537465	341205295	fergiefur88	dazzle nerf incoming	0	1741000
2537466	341205295	Ivane33	NA maths	0	1742000
2537467	341205295	cruelwalrus	poison touch is so op	0	1744000
2537468	341205295	cursive23	OSFrog juju on the beat	0	1746000
2537469	341205295	Cpattom	He'll fall off, but ok	0	1747000
2537470	341205295	sirlanceolot	I guess core dazzle is a thing anneNote	0	1748000
2537471	341205295	MartiansAreHere	DAZZLE + PA same team OSFrog üëå	0	1750000
2537472	341205295	gosuprime	just gg OMEGALUL	0	1750000
2537473	341205295	Forseti_at	OSFrog	0	1751000
2537474	341205295	Stiifler5	OSFrog	0	1751000
2537475	341205295	Vigor_Gaming_ViG	daze	0	1754000
2537476	341205295	Drahmah_	bad juju rules	0	1755000
2537477	341205295	DirtyManners	Come on don‚Äôt nerf dazzle	0	1757000
2537478	341205295	yrane	ember..?	0	1757000
2537479	341205295	Swilimidon	GG	0	1758000
2537480	341205295	Morimoriforest	BM TIP LUL	0	1758000
2537481	341205295	navi_eliminated_tobi_rage	call gg	0	1762000
2537482	341205295	gosuprime	pub stomp major LUL	0	1763000
2537483	341205295	Vigor_Gaming_ViG	dazzle is ok	0	1764000
2537484	341205295	kazenuri	Dazzle nerf : Back to 7.19	0	1764000
2537485	341205295	OnlyPlaysRimworld	PogChamp Jebaited tipping on point	0	1766000
2537486	341205295	EricChangOfficial	its more about what your team mates get, tbh	0	1766000
2537487	341205295	x42bn6	OSFrog Not one hit KO, not overpowered	0	1766000
2537488	341205295	ofiorus	MID KILL TIP LMAO	0	1767000
2537489	341205295	llllililll	just call gg, it's 10k at 13 minutes	0	1767000
2537490	341205295	weizhiperuano	dazzle will fall off LUL	0	1767000
2537491	341205295	tomaktoma1	PERU OMEGALUL	0	1768000
2537492	341205295	iMoTeP_oMaR	OSFrog Clap according to plan	0	1770000
2537493	341205295	prep0nderator	call gg PepeHands	0	1772000
2537494	341205295	gosuprime	ok what series is next guys Kappa	0	1774000
2537495	341205295	cursive23	SeemsGood BM Tip	0	1779000
2537496	341205295	EricChangOfficial	you want team mates to get solar crest and vlads for you	0	1779000
2537497	341205295	wizardmaster28	what is this fps?	0	1783000
2537498	341205295	Morimoriforest	dazzle doesn't fall off now	0	1788000
2537499	341205295	nakedlunch1	archangel goes bfury into deso	0	1790000
2537500	341205295	tarantoga21	OSFrog sorry guys that acid was so good...	0	1790000
2537501	341205295	buneineiZ	KappaPride /	0	1792000
2537502	341205295	Sakabat0	dazzle is balanced Kappa	0	1792000
2537503	341205295	INipzz	dazzle scales fine as a support with farm into the late game	0	1794000
2537504	341205295	gosuprime	11k lead at 13 min OMEGALUL	0	1797000
2537505	341205295	OnlyPlaysRimworld	DansGame	0	1798000
2537506	341205295	DaBoot72	Blitz fucking stoned	0	1798000
2537507	341205295	EricChangOfficial	new solar crest is super good on PA	0	1799000
2537508	341205295	navi_eliminated_tobi_rage	WutFace	0	1799000
2537509	341205295	Morimoriforest	in fact dazzle scales good cause 50% reduction	0	1800000
2537510	341205295	dnap123	29 fps	0	1802000
2537511	341205295	eclip468	this is a core dazzle	0	1804000
2537512	341205295	Leonzily	KappaPride KappaPride KappaPride	0	1806000
2537513	341205295	x42bn6	I wonder if Thunder Predator will ragequit	0	1810000
2537514	341205295	Derriosdota	women love scent	0	1812000
2537515	341205295	iamTheDuelist	TTours anybody explain this ARM HAIR meme?	0	1812000
2537516	341205295	INipzz	you pick him to dominate the lane, then buy necrobook and solar crest	0	1813000
2537517	341205295	shurikane	LUL	0	1818000
2537518	341205295	JKnight	LUL	0	1819000
2537519	341205295	MarcusHash	D:	0	1821000
2537520	341205295	MartiansAreHere	DAZZ LUL E	0	1821000
2537521	341205295	Sakabat0	KappaPride	0	1821000
2537522	341205295	strangemeson	LuL	0	1821000
2537523	341205295	EricChangOfficial	solar crest dazzle you can buff PA and debuff enemy at the same time	0	1824000
2537524	341205295	magnusmad	body odour KappaPride	0	1825000
2537525	341205295	lil_mexico	"""I wish i had armhair""- somebeta 2018"	0	1827000
2537526	341205295	DottoreLunchmeat	DAZZLEEEE OSFrog	0	1830000
2537527	341205295	DoWork75	BO and scent are different things lol	0	1832000
2537528	341205295	Oukka	KappaPride	0	1833000
2537529	341205295	INipzz	he is good as a core right now but not necessarily a pos 1 or even 2	0	1838000
2537530	341205295	Sakabat0	he wants body odor cuz he lkes the way it smells KappaPride	0	1839000
2537531	341205295	gosuprime	OSFrog just ban him	0	1847000
2537532	341205295	INipzz	he does really well as a 3 or 4	0	1851000
2537533	341205295	cayodota	LEVEL 12 14 min in OSFrog	0	1855000
2537534	341205295	Coriollis	OSFrog nothing wrong here OSFrog	0	1855000
2537535	341205295	ResultedCougar	SKILL WEAVE SwiftRage	0	1868000
2537536	341205295	lucazzzdota	gg	0	1873000
2537537	341205295	zimaut	Arrow	0	1873000
2537538	341205295	Cpattom	Man, how many heroes can 100-0 a 1000 hp ember lol	0	1874000
2537539	341205295	junincz	ez	0	1874000
2537540	341205295	gosuprime	13k lead at 14 min OMEGALUL	0	1874000
2537541	341205295	Duck1t	OSFrog WHAT CAN I SAY? IS WHAT I DO OSFrog	0	1874000
2537542	341205295	v0yageJ	@emotionlesspassionx thats one of the saddest things iv ever seen tuphCry \	0	1876000
2537543	341205295	viewarch	dazzul incoming	0	1877000
2537544	341205295	rawmee	wtf	0	1880000
2537545	341205295	trekz09	EPI LUL	0	1883000
2537546	341205295	magnusmad	sk LUL	0	1884000
2537547	341205295	prep0nderator	gg	0	1885000
2537548	341205295	ProSwagger	Sick Epicenter LUL	0	1887000
2537549	341205295	PAR5EC	Juju monkaS	0	1888000
2537550	341205295	your_african_lover	Jebaited	0	1890000
2537551	341205295	iamdb9	EPI LUL	0	1891000
2537552	341205295	navi_eliminated_tobi_rage	FRANK LUL	0	1892000
2537553	341205295	gosuprime	this is literally a pub stomp LUL	0	1892000
2537554	341205295	CptBeefheart_	BUYBACK LUL	0	1893000
2537555	341205295	lil_mexico	"""I wish i had arm hair"" =I wish i was a man"	0	1894000
2537556	341205295	chazzy_nt	gg	0	1894000
2537557	341205295	Morimoriforest	OSFrog	0	1894000
2537558	341205295	belducj	BB for what? LUL	0	1898000
2537559	341205295	PAR5EC	Big bad Juju monkaS	0	1900000
2537560	341205295	npk19	ju ju PogChamp	0	1901000
2537561	341205295	jounazs	gg	0	1903000
2537562	341205295	SoBayed_EleGiggle	o	0	1904000
2537563	341205295	tomaktoma1	OP JUJU OSFrog	0	1905000
2537564	341205295	iamdb9	BB OMEGALUL	0	1913000
2537565	341205295	cursive23	My pubs tonight are going to suck SeemsGood	0	1913000
2537566	341205295	MartiansAreHere	@your_african_lover cmonBruh	0	1914000
2537567	341205295	tag_me_lf_valve_ban_china	JUST CALL IT FailFish	0	1915000
2537568	341205295	gosuprime	call gg	0	1919000
2537569	341205295	eclip468	this is such a stomp	0	1920000
2537570	341205295	rodoa96	15k = 15m	0	1920000
2537571	341205295	llllililll	legit 1k advantage per minute	0	1920000
2537572	341205295	rawmee	pain look so good in these quals and then they play actual teams at majors lmao	0	1924000
2537573	341205295	kazenuri	3 ILLUSIONS	0	1929000
2537574	341205295	flameandfury	322 LUL	0	1935000
2537575	341205295	x42bn6	BibleThump PETA	0	1936000
2537576	341205295	lucazzzdota	POTTO PogChamp	0	1938000
2537577	341205295	blueeyeswhitedragon00	what game is this	0	1940000
2537578	341205295	leooonlc	FeelsOkayMan	0	1941000
2537579	341205295	navi_eliminated_tobi_rage	misery FailFish	0	1942000
2537580	341205295	MartiansAreHere	Sooner or later LaterSooner	0	1944000
2537581	341205295	gosuprime	LUL	0	1948000
2537582	341205295	exwtm	MIS LUL RY	0	1948000
2537583	341205295	navi_eliminated_tobi_rage	3 illusions again PogChamp	0	1957000
2537584	341205295	MJZ33	15min BF	0	1962000
2537585	341205295	Death_Dono	BF PA LUL	0	1968000
2537586	341205295	eclip468	@rawmee unfortunately that just indicates how sad the SA dota scene is compared to other regions	0	1971000
2537587	341205295	blueeyeswhitedragon00	is this game three	0	1973000
2537588	341205295	famous_heinous_anus	Wow... why did that get deleted?	0	1974000
2537589	341205295	lgimlikl	atun is cheating the game so he can get more illusions	0	1979000
2537590	341205295	Moobot	Join the Beyond The Summit community Discord: http://discord.gg/bts	0	1979000
2537591	341205295	leonxtg	MorphinTime MorphinTime MorphinTime	0	1980000
2537592	341205295	lil_mexico	@iamtheduelist do you speak English as your 3rd language or what?	0	1981000
2537593	341205295	Flavorbeam	***	0	1983000
2537594	341205295	Gusta36	its 3 illusions always now, read patch notes plz	0	1985000
2537595	341205295	BareWMe	No artuun armlet DansGame	0	1987000
2537596	341205295	BlackBeardD	Ember networth 4Head	0	1987000
2537597	341205295	INipzz	@rawmee so they are tier 1, just not at top of tier 1?	0	1989000
2537598	341205295	Moobot	Follow BTS on Twitter https://twitter.com/BeyondTheSummit	0	2002000
2537599	341205295	INipzz	thanks for the insight Kappa	0	2002000
2537600	341205295	MartiansAreHere	LUL	0	2005000
2537601	341205295	SuperThirtySeven37	my stream just F-ed	0	2007000
2537602	341205295	mitchmas4321	MorphinTime MorphinTime MorphinTime	0	2011000
2537603	341205295	zimaut	TP LUL	0	2011000
2537604	341205295	gosuprime	is this a meme major	0	2012000
2537605	341205295	PAR5EC	PogChamp it's a 322	0	2013000
2537606	341205295	Morimoriforest	322 4Head	0	2014000
2537607	341205295	WoaLLy1	322	0	2015000
2537608	341205295	leooonlc	322	0	2015000
2537609	341205295	Fruktoman	PogChamp 322	0	2016000
2537610	341205295	NeoCat1993	322	0	2017000
2537611	341205295	llllililll	322	0	2017000
2537612	341205295	Coriollis	322 Clap	0	2017000
2537613	341205295	x42bn6	322	0	2018000
2537614	341205295	iamdb9	322	0	2019000
2537615	341205295	DottoreLunchmeat	T a v o is h e r e	0	2021000
2537616	341205295	OutOfTouch96	322	0	2021000
2537617	341205295	magnusmad	322 LUL	0	2021000
2537618	341205295	Death_Dono	644	0	2021000
2537619	341205295	gosuprime	OMEGALUL 322	0	2022000
2537620	341205295	CptBeefheart_	W322	0	2023000
2537621	341205295	navi_eliminated_tobi_rage	322 israel	0	2023000
2537622	341205295	prep0nderator	322 Clap	0	2025000
2537623	341205295	dryyour3yes	@qoute_me_if_misery_throws	0	2025000
2537624	341205295	screamingtree420	322	0	2025000
2537625	341205295	iMoTeP_oMaR	w33haa LOL	0	2027000
2537626	341205295	leooonlc	dazzle OSFrog	0	2027000
2537627	341205295	loanbis	322	0	2029000
2537628	341205295	gustavo_ant	322	0	2030000
2537629	341205295	Rtc_ti5	644	0	2030000
2537630	341205295	Death_Dono	OSfrog	0	2030000
2537631	341205295	Tronsty	CLASSIC SA THROW	0	2030000
2537632	341205295	OldwisePaly	w33 LUL	0	2031000
2537633	341205295	Rawbary	322	0	2032000
2537634	341205295	kevinararagi_	ATUN NO ARMLET LUL	0	2033000
2537635	341205295	gosuprime	they had a 16k lead LUL	0	2033000
2537636	341205295	02wcball	OMEGALUL	0	2034000
2537637	341205295	alvarojt21	w322	0	2036000
2537638	341205295	Eggy27	where is w33 LUL	0	2037000
2537639	341205295	lucasusaf	w322	0	2037000
2537640	341205295	rawmee	@INipzz i wouldnt call them tier 1, tier 1 to me is teams that can win tournaments	0	2037000
2537641	341205295	pripyat_beast	w33fresh!	0	2038000
2537642	341205295	Crystian6	OSFrog	0	2039000
2537643	341205295	yrane	report pain 322	0	2041000
2537644	341205295	luk_kk	PogCHamp	0	2041000
2537645	341205295	weizhiperuano	OSFrog DAZZLE	0	2041000
2537646	341205295	Fruktoman	LaterSooner	0	2041000
2537647	341205295	uhtred_from_bebbanburg	forsenBee honey detected	0	2042000
2537648	341205295	mitchmas4321	MorphinTime MorphinTime MorphinTime MorphinTime	0	2045000
2537649	341205295	iMoTeP_oMaR	w33 on the cliff OMEGALUL	0	2046000
2537650	341205295	gosuprime	omg if they throw this game	0	2048000
2537651	341205295	cursive23	w322	0	2050000
2537652	341205295	MartiansAreHere	16k lead at 17 mins LUL	0	2050000
2537653	341205295	exwtm	WTF LUL LUL LUL LUL	0	2051000
2537654	341205295	Nirconus	@rawmee ur mom is tier 1	0	2053000
2537655	341205295	KopetzComrade	5.3k... is that his nw or his mmr lol	0	2055000
2537656	341205295	Nofear1106	LUL	0	2056000
2537657	341205295	rawmee	ty	0	2059000
2537658	341205295	Morimoriforest	SA's tier1 Keepo	0	2060000
2537659	341205295	Nirconus	np	0	2068000
2537660	341205295	gosuprime	show chart	0	2069000
2537661	341205295	navi_eliminated_tobi_rage	w33 threw the game	0	2073000
2537662	341205295	INipzz	@rawmee so like 5 teams, if that many?	0	2073000
2537663	341205295	SoBayed_EleGiggle	Kappurkey Jeturkey	0	2076000
2537664	341205295	eclip468	t1 teams are teams that can win majors without it being an upset	0	2079000
2537665	341205295	OutOfTouch96	THEY STILL HAVE HOLE	0	2079000
2537666	341205295	gosuprime	LUL they just went down like 5k	0	2083000
2537667	341205295	dryyour3yes	@rawmee so just secret and VP LUL i dont think that you can make a legit argument where EG is not Tier 1	0	2088000
2537668	341205295	NeoCat1993	Grant FailFish	0	2089000
2537669	341205295	INipzz	really populated tier 1 there Kappa	0	2091000
2537670	341205295	rodoa96	TEHY HAVE DAZLEEEEEE	0	2092000
2537671	341205295	MartiansAreHere	@OutOfTouch96 everyone has it KappaPride	0	2098000
2537672	341205295	Drahmah_	SA rosh	0	2098000
2537673	341205295	redjako	@BeyondTheSummit your zoom in / out is making us cot damn dizzy, relax!	0	2099000
2537674	341205295	SupaDuper	??	0	2101000
2537675	341205295	khabibMD	bad juju doesn't work on rosh, though	0	2103000
2537676	341205295	TacticalSanta	Kappurkey	0	2110000
2537677	341205295	rodoa96	ough	0	2111000
2537678	341205295	weizhiperuano	Pain only good in qualifiers, they suck on lan. PAIN GAMING AREJUST ONLINERS	0	2112000
2537679	341205295	shadesinnit	Does blur active still work on rosh?	0	2114000
2537680	341205295	weizhiperuano	PAIN = ONLINERS, TERRIBAD ON LAN LUL	0	2124000
2537681	341205295	rawmee	@dryyour3yes well eg, lgd, liquid are all good enough to win lans too	0	2125000
2537682	341205295	02wcball	@weizhiperuano better than any peruvian trash team still EleGiggle	0	2138000
2537683	341205295	WoaLLy1	@weizhiperuano they are just better than peruvians	0	2142000
2537684	341205295	NeoCat1993	@shadesinnit not sure but I think they fixed it	0	2143000
2537685	341205295	heisunknown	Kappurkey	0	2144000
2537686	341205295	INipzz	maybe just take a long look at what your criteria is for success when it only includes a handful of teams out of literal hundreds that exist, just a suggestion	0	2145000
2537687	341205295	MartiansAreHere	EG LUL winning VALVE event LUL	0	2146000
2537688	341205295	horstguckttwitch	@weizhiperuano no, they dont have good enemies in quals thats all	0	2147000
2537689	341205295	IkarusTTV	@weizhiperuano and you cant even qualify for lan LUL	0	2149000
2537690	341205295	02wcball	PERU LUL NO MACRO NO WIN LUL	0	2160000
2537691	341205295	dryyour3yes	@rawmee well technichally every team can win a tpournament	0	2163000
2537692	341205295	weizhiperuano	@02wcball Infamous gaming disproves ur point NA BAD	0	2164000
2537693	341205295	INipzz	"theres a reason more than ""teams that win majors/minors"" are sponsored"	0	2168000
2537694	341205295	jondoeml	give them time, they are new	0	2168000
2537695	341205295	IkarusTTV	LUL NO MACRO NON WIN LUL	0	2169000
2537696	341205295	harpake	talking about Pain as if other SA teams have showed anything on LAN	0	2176000
2537697	341205295	02wcball	@weizhiperuano even NA is better than peru LUL	0	2178000
2537698	341205295	team_matchfix_babyrage	infamous lost to this LUL	0	2179000
2537699	341205295	unconsciousnessss	rooKek	0	2187000
2537700	341205295	lgimlikl	BACK TO THE CABINAS PERU 4Head	0	2188000
2537701	341205295	Wintergard	stfu idiots earth is flat	0	2189000
2537702	341205295	rawmee	@dryyour3yes i just mean it owuldnt be a surprise when those teams win lans	0	2194000
2537703	341205295	weizhiperuano	@02wcball Tell that to BSJ and COMPLEXITY, who lost to INFAMOUS LUL	0	2198000
2537704	341205295	02wcball	INFAMOUS WON AGAINST BSJ STACK, GOD GAMERS LUL	0	2201000
2537705	341205295	rawmee	compared to a team like pain winning a lan	0	2204000
2537706	341205295	MartiansAreHere	BSJ LUL	0	2210000
2537707	341205295	uhtred_from_bebbanburg	cmonBruh	0	2212000
2537708	341205295	02wcball	INFAMOUS WON AGAINST EE STACK LUL LUL LUL GOOD TEAM EleGiggle	0	2215000
2537709	341205295	weizhiperuano	MOBILE LEGENDS IS BETTER THAN DOTA LUL	0	2215000
2537710	341205295	PooKiiee	cmonBruh	0	2217000
2537711	341205295	PAR5EC	Enigma + CK is super strong actually...	0	2218000
2537712	341205295	Alex_322_	cmonBruh	0	2219000
2537713	341205295	Fruktoman	cmonBruh	0	2220000
2537714	341205295	navi_eliminated_tobi_rage	stfu earth is a hardboiled egg NotLikeThis	0	2221000
2537715	341205295	kiuro45	Unbanprosor	0	2225000
2537716	341205295	INipzz	@rawmee so nothing to do with who they beat or money earned? good to know	0	2230000
2537717	341205295	llllililll	unless she one shots enigma in the beginning	0	2230000
2537718	341205295	Lephus	any EE team OMEGALUL	0	2233000
2537719	341205295	IkarusTTV	PERU BIGGER PROUD ACT IS BEATING BSJ LUL LULU LULU L UL UL U L	0	2233000
2537720	341205295	WoaLLy1	@weizhiperuano now that's a fact	0	2234000
2537721	341205295	C_Sixty_Jam	The Earth is an egg.	0	2240000
2537722	341205295	antopiosenio	hahahahahaa	0	2241000
2537723	341205295	azevedao	OMEGALUL	0	2245000
2537724	341205295	Ultimate_Kappa	LUL	0	2245000
2537725	341205295	Morimoriforest	enigma FailFish	0	2246000
2537726	341205295	NeverVVinterr	LULW	0	2246000
2537727	341205295	EchoJester	ROFL	0	2246000
2537728	341205295	cumols	LUL	0	2247000
2537729	341205295	navi_eliminated_tobi_rage	ARROW MAGNET LUL	0	2247000
2537730	341205295	BlackBeardD	WTF	0	2248000
2537731	341205295	x42bn6	PogChamp Arrow	0	2248000
2537732	341205295	DottoreLunchmeat	OMEGALUL	0	2249000
2537733	341205295	ae86touge	viva peru	0	2250000
2537734	341205295	02wcball	WINNING AGAINST EE IS NOT AN ACHIEVEMENT, IS AN OBLIGATION SoBayed	0	2251000
2537735	341205295	kazenuri	he wanted the game to end	0	2252000
2537736	341205295	antopiosenio	bad juju arrow	0	2253000
2537737	341205295	The_Olhag	LUL	0	2253000
2537738	341205295	CptBeefheart_	OMEGALUL	0	2254000
2537739	341205295	weizhiperuano	@WoaLLy1 EZ MOBILE LEGENDS HAVEMOREINTEGRITY THAN VALVE	0	2254000
2537740	341205295	llllililll	centaur was worth more LUL	0	2256000
2537741	341205295	LexTap	OMEGALUL	0	2256000
2537742	341205295	TheFogofWar	midas the seige creep FailFish	0	2257000
2537743	341205295	uhtred_from_bebbanburg	OSFrog üëå	0	2259000
2537744	341205295	elydon420	its so hard this game to land a bh.... so much cancel spells	0	2259000
2537745	341205295	JKnight	OMEGALUL	0	2261000
2537746	341205295	BettersonMcgee	admiralKek	0	2261000
2537747	341205295	mitchmas4321	LUL	0	2261000
2537748	341205295	yahirr7	nice enigma FailFish	0	2263000
2537749	341205295	rawmee	@INipzz idk do you really believe pain is in the same tier as vp, secret, lgd, eg?	0	2263000
2537750	341205295	leooonlc	EZ Clap	0	2269000
2537751	341205295	ravenshadow95	SA DOTO LUL	0	2270000
2537752	341205295	junincz	gg ez	0	2271000
2537753	341205295	lgimlikl	Ez Peru	0	2273000
2537754	341205295	hydra_summoner_hatnei	bamboHmm bamboHmm bamboHmm	0	2277000
2537755	341205295	navi_eliminated_tobi_rage	cmonBruh	0	2278000
2537756	341205295	Code_Pharaoh	with wuuut?	0	2278000
2537757	341205295	02wcball	BYE PERU HeyGuys BYE PERU HeyGuys BYE PERU HeyGuys	0	2279000
2537758	341205295	Alex_322_	ARROW OMEGALUL	0	2280000
2537759	341205295	Moobot	Join the Beyond The Summit community Discord: http://discord.gg/bts	0	2280000
2537760	341205295	TheFogofWar	report ck afk 4Head	0	2280000
2537761	341205295	Nwgrc	grant was right, 25 minutes	0	2280000
2537762	341205295	DottoreLunchmeat	DAZZLE OMEGALUL	0	2281000
2537763	341205295	INipzz	@rawmee do you really believe there isnt a top and bottom to tier 1?	0	2282000
2537764	341205295	uhtred_from_bebbanburg	cmonBruh STOP IT	0	2283000
2537765	341205295	KopetzComrade	pos 3 dazzle? this meta rules	0	2283000
2537766	341205295	landsaremountains	Arrow LUL	0	2283000
2537767	341205295	llllililll	OSFrog	0	2285000
2537768	341205295	MartiansAreHere	Just gg already LUL	0	2285000
2537769	341205295	weizhiperuano	@INipzz Pain is Tigers tier lmao	0	2286000
2537770	341205295	andreblc	@rawmee Sure not but maybe SEA teams as TNC, Mineski or Tigers...	0	2286000
2537771	341205295	sleepyidols	that arrow OMEGALUL	0	2287000
2537772	341205295	jondoeml	lol, headshot	0	2290000
2537773	341205295	Aeriess	OSFrog	0	2290000
2537774	341205295	NewPlayerJuan	arrow magnet	0	2291000
2537775	341205295	02wcball	PERU ARROWED LUL	0	2291000
2537776	341205295	decentperversion	talk about unforcfed errors	0	2294000
2537777	341205295	junincz	pos 3 dazzle go ranked	0	2299000
2537778	341205295	Moobot	Follow BTS on Twitter https://twitter.com/BeyondTheSummit	0	2303000
2537779	341205295	INipzz	@weizhiperuano stop @ me guy I know your takes are already garbo	0	2308000
2537780	341205295	glorified123	over sensitive major incoming LUL	0	2308000
2537781	341205295	Ï¥âÎßàÏôï	vengaboys are back in town SourPls	0	2315000
2537782	341205295	gosuprime	20k at 21 min LUL	0	2315000
2537783	341205295	rawmee	@INipzz I believe there a few elite teams and a lot of good tier 2 teams	0	2322000
2537784	341205295	iamTheDuelist	BAD JUJU	0	2323000
2537785	341205295	Code_Pharaoh	cupcake major.. softer than kd and wiggins	0	2331000
2537786	341205295	rawmee	doesnt mean pain is bad...	0	2332000
2537787	341205295	leooonlc	DD PA monkaS Clap	0	2333000
2537788	341205295	hydra_summoner_hatnei	@junincz in ti tavo played ww madness and maelstrom buil and won a game bamboLaugh	0	2340000
2537789	341205295	INipzz	@rawmee how deep does your tier list even go then?	0	2340000
2537790	341205295	weizhiperuano	@INipzz bottom of tier 1 are teams like NiP and forward, you know, teams that are actually good lmao	0	2345000
2537791	341205295	glorified123	hey lets not let 2 players enter china because they said a bad word, marshmallows.	0	2346000
2537792	341205295	leom4rq	LUL	0	2347000
2537793	341205295	bdua_pepehands	and this guys were last at TI8	0	2352000
2537794	341205295	mitchmas4321	anything can work against peruvians	0	2359000
2537795	341205295	andreblc	@rawmee there are a lot of tier 1 teams.. OG, LGD, Secret, EG, VP...	0	2359000
2537796	341205295	MartiansAreHere	LUL	0	2360000
2537797	341205295	bodashat2	1k adv/min soon LUL	0	2362000
2537798	341205295	junincz	@hydra_summoner_hatnei yes, record!!!	0	2363000
2537799	341205295	iMoTeP_oMaR	Ban monkaS	0	2367000
2537800	341205295	leooonlc	EZ Clap	0	2370000
2537801	341205295	kazenuri	big red number!	0	2371000
2537802	341205295	x42bn6	OSFrog	0	2372000
2537803	341205295	Rawbary	gg	0	2373000
2537804	341205295	INipzz	@weizhiperuano so not teams that get to majors over literally all other teams in their region okay, I'm not even discussing specific teams	0	2374000
2537805	341205295	MartiansAreHere	23k lead at 23 mins OSFrog üëå	0	2377000
2537806	341205295	eclip468	just call already	0	2378000
2537807	341205295	cordel1a	good juju	0	2378000
2537808	341205295	dotogoto	chiSqueak	0	2378000
2537809	341205295	rawmee	@andreblc i know this guys trying to say that pain are in that tier tho	0	2381000
2537810	341205295	iamTheDuelist	questioning my english when he did not even understand my question LUL BrokeBack	0	2382000
2537811	341205295	02wcball	HeyGuys BYE PERU HeyGuys BYE PERU HeyGuys BYE PERU HeyGuys	0	2383000
2537812	341205295	INipzz	butt out	0	2386000
2537813	341205295	rodoa96	Dazzle, Pa = OSFrog	0	2388000
2537814	341205295	Mosdef14	Cam work blows	0	2388000
2537815	341205295	weizhiperuano	@INipzz all teams in SA are shit, Pain are no exception lmao	0	2395000
2537816	341205295	Morimoriforest	ember still farming 4Head	0	2401000
2537817	341205295	EricChangOfficial	DD is fine. it's only base damage	0	2407000
2537818	341205295	sadielady45	No matter how bad pain fails events that actually matters I know I can look forward to watching them dominate in the SA quals FeelsGoodMan	0	2409000
2537819	341205295	Pipsqueaker1	1.5 D	0	2410000
2537820	341205295	glorified123	pain are t2	0	2415000
2537821	341205295	hydra_summoner_hatnei	Kingrd is the best crixalis pos4	0	2418000
2537822	341205295	3inchwonderboynextdoor	who wonnes game 1 ?	0	2420000
2537823	341205295	INipzz	@weizhiperuano surprising, a garbo take BrokeBack	0	2420000
2537824	341205295	R_o_c_a	EMBER FARM 4Head	0	2421000
2537825	341205295	DaBoot72	Dazzle core	0	2424000
2537826	341205295	BaxterDota	i hate peruvians :)	0	2428000
2537827	341205295	zeroken123	UNBAN BlessRNG UNBAN BlessRNG	0	2429000
2537828	341205295	Bratschki	Kappa	0	2430000
2537829	341205295	amud123	OSFrog	0	2430000
2537830	341205295	notescha	kAPPA	0	2432000
2537831	341205295	weizhiperuano	@INipzz It's like Australian Mobile Legends teams, yes there is one team that's good, but the region is shit	0	2432000
2537832	341205295	lil_mexico	games over. right now. so brave @grandgrant	0	2434000
2537833	341205295	talktoSwinub	Phoenix 25m boots LUL	0	2435000
2537834	341205295	sadboyfrv	tier 5 vs tier 5 ResidentSleeper	0	2436000
2537835	341205295	PAR5EC	this patch seems SUPER snowball	0	2439000
2537836	341205295	R_o_c_a	UNBAN IN MARCH DUDE	0	2443000
2537837	341205295	shadesinnit	@baxterdota good thing pain is Brazilian then eh	0	2443000
2537838	341205295	02wcball	@sadielady45 they didn't dominate in the ti qualifiers tho	0	2445000
2537839	341205295	Morimoriforest	MOBILE LEGEND LUL	0	2447000
2537840	341205295	junincz	ck midas LUL	0	2448000
2537841	341205295	glorified123	teams like fnatic and tnc are t3 teams	0	2449000
2537842	341205295	hydra_summoner_hatnei	@sadboyfrv tu n br fi?	0	2451000
2537843	341205295	jackthepackyak	Quad damage inc.. we quake now. OSfrog	0	2452000
2537844	341205295	weizhiperuano	@INipzz If you genuinely believe Pain is good because they beat 150 ping peru teams, you cant be reasoned with LUL	0	2453000
2537845	341205295	INipzz	@weizhiperuano not even talking about the regions, this is about tier listing	0	2453000
2537846	341205295	Dino_TreXX	VP still the king in qualifier.. average game less than 20min	0	2461000
2537847	341205295	Riverdrag0n	HO HO HA HA	0	2462000
2537848	341205295	unrstrctd	@BaxterDota nobody gives a f :)	0	2462000
2537849	341205295	gustster	322	0	2463000
2537850	341205295	shady2040	people actually follow mobile legends??!?	0	2464000
2537851	341205295	Code_Pharaoh	LUL LUL LUL	0	2465000
2537852	341205295	Lephus	@weizhiperuano WATCHING MOBILE GARBAGE OMEGALUL	0	2466000
2537853	341205295	DottoreLunchmeat	LUL	0	2466000
2537854	341205295	gosuprime	LUL	0	2467000
2537855	341205295	sadielady45	@02wcball ResidentSleeper	0	2468000
2537856	341205295	prep0nderator	322	0	2468000
2537857	341205295	alberttyh	EMBER LUL	0	2468000
2537858	341205295	mitchmas4321	fat americans LUL	0	2473000
2537859	341205295	MartiansAreHere	322 LUL	0	2475000
2537860	341205295	kazenuri	why do they get so little gold	0	2477000
2537861	341205295	weizhiperuano	@INipzz If you honestly believe any team from SA deserves to be tier 1, you cannot be reasoned with LUL	0	2478000
2537862	341205295	manta_dodger	TriHard	0	2478000
2537863	341205295	Aeriess	322	0	2479000
2537864	341205295	vod_fiqo	322	0	2480000
2537865	341205295	glorified123	mobile games LUL	0	2480000
2537866	341205295	TheFogofWar	dazzul 322 4Head	0	2481000
2537867	341205295	INipzz	everyone places all the top teams within only 1 or 2 tiers, completely ignoring lower tiers and teams	0	2481000
2537868	341205295	Tetsuya_______	LUL	0	2483000
2537869	341205295	navi_eliminated_tobi_rage	322	0	2485000
2537870	341205295	the15fly	PogChamp	0	2487000
2537871	341205295	llllililll	SA DOTO BrokeBack LUL	0	2488000
2537872	341205295	JKnight	Casters??? SoBayed Viva Peru	0	2489000
2537873	341205295	02wcball	@sadielady45 bts sub btw EleGiggle	0	2491000
2537874	341205295	amud123	LUL	0	2492000
2537875	341205295	iamTheDuelist	DxCat	0	2492000
2537876	341205295	junincz	322?	0	2492000
2537877	341205295	RyuUnchained	C L O W N F I E S T A	0	2493000
2537878	341205295	navi_eliminated_tobi_rage	TriHard	0	2498000
2537879	341205295	MartiansAreHere	644 LUL	0	2498000
2537880	341205295	DottoreLunchmeat	LUL	0	2499000
2537881	341205295	Bratschki	rubick :)	0	2500000
2537882	341205295	kiuro45	treis dous dous	0	2500000
2537883	341205295	sadielady45	@02wcball SoBayed ?	0	2502000
2537884	341205295	INipzz	@weizhiperuano you arent even listening to me LUL you are arguing with an argument I am not even trying to make	0	2503000
2537885	341205295	Code_Pharaoh	bu bu bu burd burd burd is the word	0	2505000
2537886	341205295	PAR5EC	FeelsBadMan it's not a 322	0	2508000
2537887	341205295	cmonBraa	NO MACRO NO WIN LUL	0	2512000
2537888	341205295	glorified123	are mobile games even real games?	0	2512000
2537889	341205295	Nirconus	press 1 to be instantly GAY	0	2513000
2537890	341205295	02wcball	@sadielady45 SoBayed	0	2513000
2537891	341205295	amud123	sa dota BrokeBack	0	2515000
2537892	341205295	Morimoriforest	4Head who the fuck cares whether a team is tier1 or tier2 or tier322 who cares really	0	2517000
2537893	341205295	gosuprime	26k lead at 25 min	0	2520000
2537894	341205295	quote_me_if_resolultion	2	0	2520000
2537895	341205295	BeepBeeplmaJeep	Rubick didnt even get the runes FeelsBadMan	0	2520000
2537896	341205295	TheFogofWar	1	0	2521000
2537897	341205295	WoaLLy1	No macro no win	0	2521000
2537898	341205295	manta_dodger	cmonBruh	0	2525000
2537899	341205295	sousthechef	three wraith band BabyRage	0	2527000
2537900	341205295	frankie4dekill	1111111111111	0	2527000
2537901	341205295	RyuUnchained	DO YOU NOT HAVE PHONES?	0	2527000
2537902	341205295	02wcball	PERU DOTA BrokeBack BRAZILIAN DOTA Kreygasm	0	2529000
2537903	341205295	ccvp_ccvp	they got the hole off KappaPride	0	2532000
2537904	341205295	weizhiperuano	@INipzz everything u said is wrong lmao	0	2537000
2537905	341205295	gosuprime	literally a pub game	0	2539000
2537906	341205295	Morimoriforest	so what if team secret is tier1 or tier10 4Head does it change their team???	0	2539000
2537907	341205295	glorified123	@RyuUnchained u guys have phones right?	0	2543000
2537908	341205295	BramIsABlock	VEGGIES LUL	0	2544000
2537909	341205295	cmonBraa	MACRO DOTA.... I MEAN PERU DOTA LOL	0	2554000
2537910	341205295	CptBeefheart_	HFN AFK FARMING	0	2554000
2537911	341205295	glorified123	RIP diablo	0	2555000
2537912	341205295	Morimoriforest	you guys are fucking idiotcs arguing about stupid useless stuff	0	2555000
2537913	341205295	INipzz	@weizhiperuano you still mad I called you out at calling everyone a racist 4Head	0	2556000
2537914	341205295	Ultimate_Kappa	ENIGMA LUL	0	2562000
2537915	341205295	BeepBeeplmaJeep	I have a pgone :)	0	2563000
2537916	341205295	manta_dodger	who cares about shitty SA quals? 4Head	0	2566000
2537917	341205295	straight0uttac0mpt0n	apes	0	2568000
2537918	341205295	navi_eliminated_tobi_rage	frank LUL	0	2570000
2537919	341205295	weizhiperuano	@INipzz half this chat is racist comments LMAO	0	2572000
2537920	341205295	BeepBeeplmaJeep	I have a phone :)	0	2573000
2537921	341205295	RyuUnchained	what a clownfiesta	0	2573000
2537922	341205295	Aeriess	PERU LUL	0	2576000
2537924	341205295	derkarus	322	0	2577000
2537925	341205295	kiuro45	LUL	0	2577000
2537923	341205295	manta_dodger	where is EU quals	0	2577000
2537926	341205295	Rocksted1	bad juju monkaS	0	2578000
2537927	341205295	unconsciousnessss	diablo M OMEGALUL BILE	0	2579000
2537928	341205295	Coriollis	arrow magnets LUL	0	2581000
2537929	341205295	Moobot	Join the Beyond The Summit community Discord: http://discord.gg/bts	0	2582000
2537930	341205295	junincz	lmao	0	2582000
2537931	341205295	leooonlc	EZ Clap	0	2582000
2537932	341205295	hydra_summoner_hatnei	POG ARROWS	0	2582000
2537933	341205295	eclip468	let's run into arrows guys	0	2585000
2537934	341205295	x42bn6	Arrow magnet Kappa	0	2586000
2537935	341205295	kiuro45	yai mari	0	2590000
2537936	341205295	theneico000	@manta_dodger Nothing else is running	0	2592000
2537937	341205295	leooonlc	GG EZ CLap	0	2593000
2537938	341205295	INipzz	@weizhiperuano you prove my points like every other post you make, it's time to stop	0	2595000
2537939	341205295	02wcball	secret tier 1 at taking the players' payments LUL	0	2595000
2537940	341205295	junincz	gg ez	0	2598000
2537941	341205295	LordPoetatO	atun no meepo script no win SoBayed	0	2600000
2537942	341205295	iamkirk4life	Ass = whooped	0	2601000
2537943	341205295	NeoCat1993	macro not working? SoBayed	0	2601000
2537944	341205295	llllililll	WASN'T 25 MINUTES!	0	2601000
2537945	341205295	R_o_c_a	IZI LA DOTA	0	2602000
2537946	341205295	lgimlikl	ez peru	0	2602000
2537947	341205295	R3X__	Atun so boosted OMEGALUL	0	2603000
2537948	341205295	Moobot	Follow BTS on Twitter https://twitter.com/BeyondTheSummit	0	2603000
2537949	341205295	Shcroth	EZ	0	2605000
2537950	341205295	ritsumania	no macros xd	0	2605000
2537951	341205295	gosuprime	can we skip game 2	0	2606000
2537952	341205295	mitchmas4321	Gege	0	2607000
2537953	341205295	Drahmah_	au au	0	2609000
2537954	341205295	sadielady45	EZ // always got the quals aby	0	2610000
2537955	341205295	CloudisonFIRE	peruvian dota LUL	0	2611000
2537956	341205295	TomLuno	ASS WOOPING	0	2611000
2537957	341205295	Swuushi	gachiGASM ass whooping	0	2612000
2537958	341205295	aduck64	SA > NA	0	2612000
2537959	341205295	sadielady45	baby*	0	2613000
2537960	341205295	kazenuri	that was not fun to watch	0	2615000
2537961	341205295	cayodota	Atun No macro SoBaeyd	0	2615000
2537962	341205295	02wcball	P E R U SoBayed EleGiggle OMEGALUL	0	2618000
2537963	341205295	moxxicasts	SA dota PogChamp	0	2623000
2537964	341205295	hydra_summoner_hatnei	bamboOMEGA bamboOMEGA bamboOMEGA	0	2627000
2537965	341205295	gosuprime	the pubstomp major LUL	0	2627000
2537966	341205295	OldwisePaly	a tier above all of SA so they are a tier 4 team? ü§î	0	2628000
2537967	341205295	navi_eliminated_tobi_rage	PAIN TIER 1 SA FeelsGoodMan TIER 3 WORLD FeelsBadMan	0	2630000
2537968	341205295	weizhiperuano	@INipzz lmao whatever dude enjoy DEAD GAME DOTA. MOBILE LEGENDS IS MUCH BETTER	0	2630000
2537969	341205295	sentricoo	SA>NA	0	2631000
2537970	341205295	cmonBraa	MACRO DOTA LUL	0	2632000
2537971	341205295	Keyrock442	HotPokket	0	2633000
2537972	341205295	sadboyfrv	EZ	0	2633000
2537973	341205295	PooKiiee	LUL	0	2635000
2537974	341205295	straight0uttac0mpt0n	CCNC 4Head	0	2642000
2537975	341205295	leonxtg	SA>NA	0	2643000
2537976	341205295	TacticalSanta	no rooons	0	2647000
2537977	341205295	weizhiperuano	PLAY MOBILE LEGENDS INSTEAD OF DOTA	0	2647000
2537978	341205295	DaBoot72	LUL	0	2647000
2537979	341205295	NeverVVinterr	GIT GUD LUL	0	2651000
2537980	341205295	navi_eliminated_tobi_rage	nth FeelsBadMan	0	2653000
2537981	341205295	reroute1	Blitz post game pose	0	2654000
2537982	341205295	OutOfTouch96	SA 2 SLOTS OMEGALUL	0	2655000
2537983	341205295	cordel1a	how about test 123 Kappa	0	2657000
2537984	341205295	sadielady45	grandgrant? SoBayed_EleGiggle	0	2659000
2537985	341205295	HankHillPropaneGod	SA LUL	0	2659000
2537986	341205295	sadielady45	grandgrant? SoBayed	0	2662000
2537987	341205295	hydra_summoner_hatnei	BORA RESPEITA OS BR PORRA bamboJuke	0	2664000
2537988	341205295	navi_eliminated_tobi_rage	BLITZ POSTURE WutFace	0	2673000
2537989	341205295	Guitarristas	ResidentSleeper ResidentSleeper ResidentSleeper ResidentSleeper	0	2673000
2537990	341205295	Chapulleta	@weizhiperuano peruvian dota is dead boludo... LUL	0	2680000
2537991	341205295	reroute1	he's melted again	0	2682000
2537992	341205295	iamkirk4life	Scooby doo Pogchamp	0	2683000
2537993	341205295	Code_Pharaoh	when infamous y is better than infamous SeemsGood	0	2684000
2537994	341205295	SERRANODELASELVA	GO PERU <3	0	2686000
2537995	341205295	krozuas	are the players the same for painx from the major	0	2688000
2537996	341205295	PAR5EC	4Head	0	2692000
2537997	341205295	Navos	dadSkyl	0	2699000
2537998	341205295	Keyrock442	LUL	0	2706000
2537999	341205295	LexTap	valve and riot combine to make league of the ancients plox	0	2707000
2538000	341205295	v0yageJ	tuphOMG tuphOMG tuphOMG tuphOMG tuphOMG	0	2707000
2538001	341205295	R3X__	Peru OMEGALUL	0	2711000
2538002	341205295	DEV_Anony	@krozuas They've been drinking.	0	2712000
2538003	341205295	quinnava	Kappa	0	2713000
2538004	341205295	hydra_summoner_hatnei	cmonBruh cmonBruh cmonBruh cmonBruh	0	2717000
2538005	341205295	TheWafflejaw	dadSleeper dadSleeper	0	2720000
2538006	341205295	elydon420	@krozuas no pain and pain.x are different teams but same organisation	0	2721000
2538007	341205295	TomLuno	ROFLMAO I LOVE GRANT MAN!	0	2722000
2538008	341205295	Guitarristas	ResidentSleeper ResidentSleeper GunRun	0	2726000
2538009	341205295	contanoob	PERU LUL	0	2727000
2538010	341205295	INipzz	pain x left the org	0	2736000
2538011	341205295	DottoreLunchmeat	where are your macros now LUL	0	2738000
2538012	341205295	SupaDuper	NA LUL	0	2739000
2538013	341205295	yrane	New patch = anybody can win	0	2742000
2538014	341205295	henriquemgoncalves	@lextap why not Defense of the Legends?	0	2742000
2538015	341205295	SERRANODELASELVA	USA LUL	0	2747000
2538016	341205295	chea1	shoes on couch DansGame	0	2754000
2538017	341205295	Ivane33	NA= shoes on the sofa no problem	0	2754000
2538018	341205295	Gimpy_joe	capW	0	2760000
2538019	341205295	SERRANODELASELVA	USA OMEGALUL	0	2763000
2538020	341205295	rdkurda0	merlini shoes on sofa	0	2770000
2538021	341205295	mauriziog99	MACACOS DO MERDA	0	2772000
2538022	341205295	krozuas	@elydon420 i know i mean the players from painx that made it to the major, they didnt change their players	0	2773000
