2399305	341306137	LexTap	LuL	0	726000
2399306	341306137	Silentbutdeadlly	Is this rebroadcastr?	0	727000
2399307	341306137	quantum_sleep	@GrundleBeards NANI the fck? cmonBruh	0	728000
2399308	341306137	fantasiaVSR	me weebs:ming	0	729000
2399309	341306137	tropordo	AYAYA	0	729000
2399310	341306137	Axillia	VoHiYo	0	730000
2399311	341306137	bhakonan	@grundlebeards lol	0	731000
2399312	341306137	KumaRyoma	No weebs here	0	731000
2399313	341306137	GreenHornedKiwi	TPFufun	0	734000
2399314	341306137	tigersnail	GX50	0	735000
2399315	341306137	02wcball	@GrundleBeards cmonBruh	0	735000
2399316	341306137	LowCapacity	GX50 Pepega	0	735000
2399317	341306137	dr4gonjk	Pepega PEW PEW PEW GX5-	0	736000
2399318	341306137	watawaw999	pew pew GX50	0	737000
2399319	341306137	fantasiaVSR	me weebs MingLee me wibs	0	739000
2399320	341306137	RSpencerGaming	im a weeb. i watch 7 deadly sins	0	740000
2399321	341306137	LexTap	TehePelo	0	741000
2399322	341306137	KanonKev	GX50	0	744000
2399323	341306137	Rechew	GX50 PogChamp	0	744000
2399324	341306137	superpunchedout	PEW PEW PEW Pepega	0	746000
2399325	341306137	flashback155	@silentbutdeadlly read the title lol	0	747000
2399326	341306137	weizhengcha	DR.CInker	0	750000
2399327	341306137	Moobot	Follow BTS on Twitter https://twitter.com/BeyondTheSummit	0	750000
2399328	341306137	RetaLiateDoto	guys can you tell me when is tigers playing? thanks :)	0	752000
2399329	341306137	GreenHornedKiwi	GX haHAA 50 haHAA	0	753000
2399330	341306137	gradecurve	wow that's a draft	0	753000
2399331	341306137	your_african_lover	GX50 POGGERS	0	755000
2399332	341306137	LexTap	i watch hentai, does that make me a weeb	0	755000
2399333	341306137	bhakonan	Bring back gx50 :Z	0	759000
2399334	341306137	Rechew	He know GX50 PogChamp	0	760000
2399335	341306137	superpunchedout	yes	0	762000
2399336	341306137	Derriosdota	@n0mad3000 and half of China. We also have reduced emissions YoY compared to trend.	0	762000
2399337	341306137	Windows10Update	GabeN	0	762000
2399338	341306137	02wcball	@LexTap it maeks you a disgusting human being	0	771000
2399339	341306137	fantasiaVSR	"i claim japan ""ming"	0	773000
2399340	341306137	Virgil_Omega	sugar lama!!!!	0	774000
2399341	341306137	superpunchedout	WEEBS WutFace	0	775000
2399342	341306137	gradecurve	more insane than a laser llama	0	777000
2399343	341306137	frostban3_3	GX 50 SHES A SUGAR LAMA AND A CRAZY MAMA	0	782000
2399344	341306137	simdrc	Abed indian god 1000 arms tinker	0	783000
2399345	341306137	kkaileni	llama insane POG	0	783000
2399346	341306137	Virgil_Omega	shroudPrime	0	785000
2399347	341306137	n0mad3000	@lextap yes	0	787000
2399348	341306137	superpunchedout	pew pew pew pew pew	0	788000
2399349	341306137	02wcball	GX50 Pepega Clap	0	788000
2399350	341306137	kogyblack	No ingame voice?	0	788000
2399351	341306137	flashback155	Whats the other semi finals?	0	789000
2399352	341306137	reflection98	pew pew pew	0	789000
2399353	341306137	lelelesdx	Bane?	0	800000
2399354	341306137	DottoreLunchmeat	no, we shall never speak of gx50 again monkaS	0	800000
2399355	341306137	limelimelimelime	Pepega	0	803000
2399356	341306137	quantum_sleep	chat in Pepega mode FailFish	0	805000
2399357	341306137	hunterxaga	TriHard	0	808000
2399358	341306137	Alienexecute	ez fro fnatic	0	811000
2399359	341306137	awzy	@BeyondTheSummit THERE'S NO INGAME VOICE SwiftRage	0	814000
2399360	341306137	superpunchedout	SLIDING INTO YOUR DMS dadMasha	0	815000
2399361	341306137	limelimelimelime	PepeHands	0	819000
2399362	341306137	fantasiaVSR	TriHard 7	0	819000
2399363	341306137	reflection98	@DottoreLunchmeat xD	0	820000
2399364	341306137	TriHardSev	Pepega	0	821000
2399365	341306137	lelelesdx	double devour Kreygasm	0	823000
2399366	341306137	02wcball	Pepega not enabled ðŸ˜¡ mods don't like the special kids ðŸ˜¡	0	827000
2399367	341306137	Derriosdota	Before Doom was a good hero, Grimstroke was amazing!	0	827000
2399368	341306137	tigersnail	LUL	0	829000
2399369	341306137	flufffsgaming	LUL	0	830000
2399370	341306137	adrianIban	TYPE 1 FOR GX50	0	831000
2399371	341306137	Virgil_Omega	running for pm	0	832000
2399372	341306137	I_POW_BYTE	dizzyWat	0	832000
2399373	341306137	Frostbot123	pee pee gah	0	835000
2399374	341306137	LexTap	1	0	838000
2399375	341306137	cyborgx3	what dj bear Pog	0	838000
2399376	341306137	bhakonan	1	0	838000
2399377	341306137	02wcball	sorry, don't ban me mods monkaS	0	839000
2399378	341306137	quantum_sleep	@lelelesdx Kappa	0	840000
2399379	341306137	hunterxaga	BrokeBack	0	840000
2399380	341306137	Rechew	GX50 The Best ad in Dota2 Tournament ever SeemsGood	0	840000
2399381	341306137	adrianIban	1	0	841000
2399382	341306137	endqwerty	I'm so glad someone called him out though lol	0	849000
2399383	341306137	glorified123	geez... why is jenkins here?	0	851000
2399384	341306137	hadurt01	BloodTrail	0	855000
2399385	341306137	the15fly	Gaaaaaaaa	0	856000
2399386	341306137	Windows10Update	BULLIES BibleThump	0	856000
2399387	341306137	I_POW_BYTE	rooCop	0	858000
2399388	341306137	Alienexecute	febbina cant supoprt	0	858000
2399389	341306137	gradecurve	Hey Birds > laser llama	0	859000
2399390	341306137	MarcusHash	4Head	0	860000
2399391	341306137	khahong007	Mineski.jokertime	0	861000
2399392	341306137	cirnoes	is lyrical the girl talking?	0	862000
2399393	341306137	LexTap	GX50 best ad ever	0	862000
2399394	341306137	swagesaurus	4Head	0	863000
2399395	341306137	aerolithTV	O_o	0	865000
2399396	341306137	petepan23	3-0 FNATIC	0	866000
2399397	341306137	Derriosdota	Canadians LUL	0	867000
2399398	341306137	drenML	hi :)	0	874000
2399399	341306137	lelelesdx	Jenkins is here to provide relief Kreygasm	0	879000
2399400	341306137	joehawks122	classic jenkins	0	880000
2399401	341306137	Windows10Update	@cirnoes lyrical is the KKona	0	880000
2399402	341306137	Frostbot123	LUL	0	881000
2399403	341306137	shurikane	DIEDIEDIE LUL	0	883000
2399404	341306137	glorified123	that jenkins chick has no idea about dota	0	884000
2399405	341306137	UninstallDota	gg	0	885000
2399406	341306137	GreenHornedKiwi	dediedie LuL	0	886000
2399407	341306137	ahkuen	diediedie	0	886000
2399408	341306137	dr4gonjk	OMEGALUL	0	886000
2399409	341306137	BdnFatlus	NaM clap	0	888000
2399410	341306137	alberttyh	DiedDieDie PogChamp	0	888000
2399411	341306137	astondbs96	classic pie	0	889000
2399412	341306137	your_african_lover	diediedie is back FeelsBadMan	0	890000
2399413	341306137	cirnoes	WHOS THE GIRL THEN?	0	890000
2399414	341306137	khahong007	joker time LUL	0	890000
2399415	341306137	brave147	4 mangos LUL	0	890000
2399416	341306137	landerxx_	diediedie	0	891000
2399417	341306137	Become_a_leper_gnome	DIEDIEDIE Pepega	0	893000
2399418	341306137	LightMax1	LUL	0	893000
2399419	341306137	Jenqzxc	whats new with pld	0	894000
2399420	341306137	aisenal	ja	0	896000
2399421	341306137	Frostbot123	fellas what team is EE on now	0	896000
2399422	341306137	jak_domen	best d OMEGALUL TA	0	898000
2399423	341306137	superpunchedout	pieliedead	0	899000
2399424	341306137	Eniferxam	Lyrical is the meatball @cirnoes	0	900000
2399425	341306137	Alienexecute	no farm morph	0	900000
2399426	341306137	heeko9	Diediedir LUL	0	900000
2399427	341306137	GrundleBeards	jenkins positivy FeelsGoodMan	0	901000
2399428	341306137	Acidblackgaming	any lyrical subs ? KKona	0	902000
2399429	341306137	RHINO_Mk_II	old lich went sac first LUL	0	903000
2399430	341306137	kopibrian	why is my teammate hitting me	0	904000
2399431	341306137	RetaLiateDoto	diediedi LUL	0	905000
2399432	341306137	samroberts9	of course pieliedie dies first	0	906000
2399433	341306137	ayylmaoblazeit420	PogChamp	0	908000
2399434	341306137	Rechew	Classic pie LUL	0	908000
2399435	341306137	Corence	how does bane die level 1 to a lich	0	908000
2399436	341306137	sashk0o0o	stop complaining you got paid we just watch wtf	0	912000
2399437	341306137	sayurifanboi	Type 1 if you miss your dad	0	914000
2399438	341306137	Typical_GC7	LUL	0	916000
2399439	341306137	ChildEMperor27	!np	0	920000
2399440	341306137	ludrah007	who win magnus vs fabiano btw??	0	920000
2399441	341306137	mr_nobodyuchiha	did OG announce new carry player ? there game starts in 30 hours	0	921000
2399442	341306137	quantum_sleep	OSFrog B OSFrog R OSFrog E OSFrog W OSFrog	0	925000
2399443	341306137	Virgil_Omega	2	0	926000
2399444	341306137	bruteboy	pie back to panel	0	926000
2399445	341306137	superpunchedout	fuck dads	0	927000
2399446	341306137	Code_Pharaoh	PLD special	0	929000
2399447	341306137	UninstallDota	Pog	0	931000
2399448	341306137	colbytzan	icefrog DID NOT create this patch I guarantee it	0	934000
2399449	341306137	trihard_love_chat	OSFrog ?	0	949000
2399450	341306137	Rechew	Pie the Top1 die in 1st blood player SeemsGood	0	951000
2399451	341306137	kkaileni	icefrog never exsisted	0	953000
2399452	341306137	TRIHARD_N_CMONBRUH	bear LUL	0	954000
2399453	341306137	Nika_Zura	Any pepegas?	0	956000
2399454	341306137	Frostbot123	wraith band BrokeBack	0	959000
2399455	341306137	xinziie	OSFrog WTF	0	959000
2399456	341306137	HonorTheCall	old phase boots PepeHands	0	961000
2399457	341306137	GreenHornedKiwi	tranq sniper, 200 IQ POGGERS	0	961000
2399458	341306137	galaron	icefrog is a meme	0	967000
2399459	341306137	DottoreLunchmeat	phase turbo blows on range but the armor and AS are too good to pass up FeelsBadMan	0	967000
2399460	341306137	khahong007	Joker time	0	969000
2399461	341306137	Alienexecute	gg mski haha	0	973000
2399462	341306137	LoveOrangeMe	MINOOBSKI LUL	0	974000
2399463	341306137	xinziie	O O F	0	974000
2399464	341306137	evan311	CRIT	0	976000
2399465	341306137	Frostbot123	thats what you get for picking morphling you jerk omfg	0	976000
2399466	341306137	Lanmi91	ice frog has not been making patches for years now	0	977000
2399467	341306137	Rechew	JT LUL	0	977000
2399468	341306137	tigersnail	C L A S S I C	0	982000
2399469	341306137	nisbahmumtaz	holy shit how is lich moving so FAST	0	983000
2399470	341306137	Moobot	Join the Beyond The Summit community Discord: http://discord.gg/bts	0	983000
2399471	341306137	khahong007	joket time LUL	0	986000
2399472	341306137	Alienexecute	Just Trash ez	0	992000
2399473	341306137	hackersouls999	?	0	992000
2399474	341306137	rzy430	OSFrog OSFrog OSFrog OSFrog	0	1005000
2399475	341306137	Seanhorgan96	!np	0	1009000
2399476	341306137	blessing_you	Fnatic sea no,1 LUL	0	1012000
2399477	341306137	dragon51xv	abad	0	1014000
2399478	341306137	GreenHornedKiwi	OSFrog panda assassin	0	1015000
2399479	341306137	Frostbot123	one team has morph, the other has tinker, both cancer teams	0	1017000
2399480	341306137	evan311	LUL	0	1020000
2399481	341306137	RHINO_Mk_II	OSfrog out of mana?	0	1022000
2399482	341306137	Selarenus	cs LUL	0	1028000
2399483	341306137	gradecurve	lich gonna buy some more mana	0	1029000
2399484	341306137	unmoded	Daryl <3 TriHard	0	1030000
2399485	341306137	DottoreLunchmeat	@Frostbot123 Just SEA things	0	1030000
2399486	341306137	rzy430	osfrog's brew	0	1031000
2399487	341306137	petepan23	5-2 Fnatic Lead	0	1045000
2399488	341306137	ch1en_	complaining about cancer when its an important tournament WutFace	0	1050000
2399489	341306137	hunterxaga	cmonBruh	0	1053000
2399490	341306137	Moobot	Follow BTS on Twitter https://twitter.com/BeyondTheSummit	0	1053000
2399491	341306137	h4ppily	TriHard Clap	0	1054000
2399492	341306137	frostban3_3	90-1	0	1054000
2399493	341306137	ZephyrX5	Classic LUL	0	1061000
2399494	341306137	alievgaem	brew lich is a rough ass lane	0	1061000
2399495	341306137	dr4gonjk	BrokeBack CLASSIC haHAA	0	1063000
2399496	341306137	Frostbot123	bring back old naga	0	1065000
2399497	341306137	cirnoes	IS JESSIE EISENBERG CASTING?	0	1065000
2399498	341306137	petepan23	6-2	0	1066000
2399499	341306137	darkfate93	D:	0	1068000
2399500	341306137	brave147	Pog	0	1071000
2399501	341306137	GreenHornedKiwi	POGGERS dodged	0	1073000
2399502	341306137	ZephyrX5	Pie LUL	0	1077000
2399503	341306137	Haruhiko5986orz	LUL	0	1080000
2399504	341306137	brave147	LUL	0	1081000
2399505	341306137	xinziie	LUL	0	1084000
2399506	341306137	daryldaryldaryl_	Let's Go Daryl TriHard 7	0	1085000
2399507	341306137	shad2810	JT LUL	0	1085000
2399508	341306137	hadurt01	@petepan23 live?	0	1090000
2399509	341306137	Frostbot123	better morph strenght OSFrog	0	1090000
2399510	341306137	fourtyfive_45	JT LUL	0	1092000
2399511	341306137	alievgaem	he should go shrine i guess	0	1093000
2399512	341306137	brave147	CS LUL	0	1097000
2399513	341306137	sigure_nep	oitanKoitan oitanKoitan oitanKoitan	0	1098000
2399514	341306137	TriHard_from_TWICE	LUL	0	1098000
2399515	341306137	itong17	Â©hing Â©hong	0	1101000
2399516	341306137	Nika_Zura	DARYL cmonBruh	0	1102000
2399517	341306137	shad2810	JT = JUST TRASH LUL	0	1104000
2399518	341306137	paulomagcaling	CS LUL	0	1105000
2399519	341306137	monsterbluff	NA DOTA LUL	0	1105000
2399520	341306137	superpunchedout	CS OMEGALUL	0	1106000
2399521	341306137	Rechew	JT LUL	0	1106000
2399522	341306137	BetterFasterCheaper	CS LUL	0	1108000
2399523	341306137	dereverse	bounty LUL	0	1109000
2399524	341306137	Frostbot123	29 damage boy	0	1110000
2399525	341306137	Casual_savagery	ABED CS OMEGALUL	0	1111000
2399526	341306137	02wcball	lyrical's dota knowledge BrokeBack	0	1112000
2399527	341306137	h4ppily	PLD on mski LUL	0	1112000
2399528	341306137	gradecurve	phantom brewsassin wrecking	0	1120000
2399529	341306137	DARYL_FROM_SUDAN	MA BOY DARYL MAKING THE PLAYS Trihard 7	0	1120000
2399530	341306137	paulomagcaling	CS OMEGALUL r9k	0	1123000
2399531	341306137	hadurt01	SeemsGood	0	1123000
2399532	341306137	h4ppily	@02wcball KKona chy say	0	1124000
2399533	341306137	GreenHornedKiwi	Abed getting dumpstered LuL	0	1125000
2399534	341306137	cirnoes	"ðŸ“ cmonBruh ""iceiceice"""	0	1127000
2399535	341306137	lelelesdx	Abad NotLikeThis	0	1130000
2399536	341306137	kr_37	CS LUL	0	1130000
2399537	341306137	DARYL_FROM_SUDAN	MA BOY DARYL MAKING DA PLAYS TriHard 7	0	1130000
2399538	341306137	Frostbot123	why would you max march against lina wtf get more laster and rockets	0	1137000
2399539	341306137	R_o_c_a	ABOSTED 4Head	0	1140000
2399540	341306137	dotaextreme1721	TriHard TriHard	0	1142000
2399541	341306137	MarcoPanganiban_	JT CS BrokeBack	0	1146000
2399542	341306137	hot_souffle	ABED INDO PRIDE	0	1147000
2399543	341306137	dragon51xv	JT OMEGALUL	0	1147000
2399544	341306137	hunterxaga	cmonBruh	0	1149000
2399545	341306137	ikkalyzte	morph FeelsBadMan	0	1151000
2399546	341306137	h4ppily	ðŸ“ âœï¸ cmonBruh on the list	0	1152000
2399547	341306137	TRIHARD_N_CMONBRUH	cmonBruh	0	1153000
2399548	341306137	R_o_c_a	ABOSTED TINKER 4Head	0	1153000
2399549	341306137	Frostbot123	monkaS	0	1155000
2399550	341306137	xinziie	1 monkaS	0	1158000
2399551	341306137	danbyy	SO SAD FOR MORP	0	1162000
2399552	341306137	Alienexecute	why dont they change lane?	0	1162000
2399553	341306137	glorified123	can this jenkins chick stop talking please?	0	1162000
2399554	341306137	SSG_Crown	BREW OSFrog	0	1164000
2399555	341306137	monsterbluff	what kind of hero is grimstroke?	0	1166000
2399556	341306137	n0mad3000	@frostbot123 3k player?	0	1171000
2399557	341306137	R_o_c_a	10 k bosted TINKER 4Head	0	1171000
2399558	341306137	izaya1401	grimstroke is anti hero	0	1183000
2399559	341306137	DracoGideon	OSFrog	0	1186000
2399560	341306137	cirnoes	ðŸ“ž cmonBruh someone's on the list brah	0	1186000
2399561	341306137	zoemildew12	@frostbot123 he just want farm knowing that lina would Dominate mid	0	1188000
2399562	341306137	GreenHornedKiwi	OSFrog nothing wrong here	0	1191000
2399563	341306137	aloginna	TP LUL	0	1192000
2399564	341306137	02wcball	no more fire element ðŸ˜¡	0	1192000
2399565	341306137	unmoded	CHINA NAT NAMBA WAN 4Head	0	1195000
2399566	341306137	Xzythelion	OSFrog	0	1196000
2399567	341306137	your_african_lover	OSFrog DRUNK PANDA GUY	0	1196000
2399568	341306137	trihard_from_azkaban	1 DARYL TriHard	0	1198000
2399569	341306137	Frostbot123	@n0mad3000 blocked :)	0	1198000
2399570	341306137	TriHard_from_TWICE	OSFrog	0	1200000
2399571	341306137	GreenHornedKiwi	sinister KappaPride	0	1201000
2399572	341306137	Seviore	KappaPride	0	1203000
2399573	341306137	lelelesdx	KappaPride	0	1204000
2399574	341306137	izaya1401	Jt LUL	0	1206000
2399575	341306137	aungmyat633	abEEd mid fail MikeHogu	0	1206000
2399576	341306137	ikkalyzte	LUL	0	1207000
2399577	341306137	khahong007	ks fail LUL	0	1209000
2399578	341306137	goldwhitegreen	KappaPride ?	0	1209000
2399579	341306137	SSG_Crown	OSFrog	0	1211000
2399580	341306137	Rechew	Pie get 1st kill PogChamp	0	1214000
2399581	341306137	daryldaryldaryl_	Daryl lets go TriHard	0	1215000
2399582	341306137	colbytzan	OSFrog Alcoholism OSFrog	0	1219000
2399583	341306137	hunterxaga	KappaPride	0	1220000
2399584	341306137	Windflower	cmonBruh	0	1224000
2399585	341306137	ner0_213	singsingF singsingC	0	1225000
2399586	341306137	superpunchedout	did EE get kicked from Col?	0	1226000
2399587	341306137	Kelthuzad131	ANY SINISTER KappaPride IN CHAT?	0	1233000
2399588	341306137	Rechew	yes	0	1233000
2399589	341306137	avaneeded	losing = alright	0	1234000
2399590	341306137	glorified123	losing his lane because he went the wrong build	0	1235000
2399591	341306137	Seviore	yes	0	1239000
2399592	341306137	sayurifanboi	Any Nemigas in chat? TriHard	0	1245000
2399593	341306137	Frostbot123	see thats exaclty what i said	0	1245000
2399594	341306137	RiztoniJ	kick Abed noob	0	1247000
2399595	341306137	superpunchedout	shiiiet	0	1247000
2399596	341306137	hackersouls999	???	0	1249000
2399597	341306137	Nika_Zura	YO cmonBruh	0	1257000
2399598	341306137	ner0_213	singsingBEAN singsingGb	0	1259000
2399599	341306137	ikkalyzte	is EE on a team now, or just straight kick?	0	1262000
2399600	341306137	dragon51xv	JT LULW	0	1264000
2399601	341306137	hadurt01	lol	0	1266000
2399602	341306137	mafiaanxin	GAZE KappaPride	0	1267000
2399603	341306137	PrimulaRosea	@superpunchedout Col_Beef said EE want to quit	0	1267000
2399604	341306137	mikenum90	jt LUL	0	1268000
2399605	341306137	simdrc	JT LUL	0	1268000
2399606	341306137	Pranav2512	OSFrog OSFrog OSFrog	0	1269000
2399607	341306137	danbyy	hahahahahaha	0	1270000
2399608	341306137	khahong007	Just Trash LUL	0	1270000
2399609	341306137	dandalyon	do bots go in the tp slot or a normal slot?	0	1270000
2399610	341306137	sherlock4062	jt LUL	0	1270000
2399611	341306137	TriHard_from_TWICE	LUL	0	1271000
2399612	341306137	Warden04	@ikkalyzte hes on a team	0	1273000
2399613	341306137	brave147	Feed LUL	0	1273000
2399614	341306137	rzy430	OSFrog OSFrog OSFrog	0	1274000
2399615	341306137	lelelesdx	OSFrog /\ KappaPride	0	1275000
2399616	341306137	xinziie	Free black hole OSFrog Clap	0	1277000
2399617	341306137	izaya1401	EE has a new team	0	1278000
2399618	341306137	Dyarz	Support morph PogChamp	0	1279000
2399619	341306137	sigure_nep	oitanKoitan oitanKoitan	0	1279000
2399620	341306137	RiztoniJ	EE > AbEEd	0	1283000
2399621	341306137	MarcoPanganiban_	JT = JUST THROW	0	1284000
2399622	341306137	Moobot	Join the Beyond The Summit community Discord: http://discord.gg/bts	0	1285000
2399623	341306137	danbyy	EE is on DOGGIES they formed a team @ikkalyzte	0	1288000
2399624	341306137	nisbahmumtaz	FULL MANA CLARITY LUL	0	1288000
2399625	341306137	NateTheScot	@ikkalyzte wasn't he playing pos1 for some tier3 team atm?	0	1289000
2399626	341306137	cirnoes	PunchTrees ice ice ice?	0	1291000
2399627	341306137	Nika_Zura	A DED OMEGALUL	0	1292000
2399628	341306137	hot_souffle	LICH OSFrog MY FINEST CREATION OSFrog	0	1293000
2399629	341306137	HGStormy	@dandalyon normal	0	1295000
2399630	341306137	UninstallDota	a BAD	0	1295000
2399631	341306137	zigzagbaby	Noobshit ninoobski	0	1298000
2399632	341306137	sapa_12	Hello, someone who has the arcane of the pudge and is interested in changing for the jugger?	0	1298000
2399633	341306137	dragon51xv	A BAD OMEGALUL	0	1301000
2399634	341306137	paulomagcaling	A BAD LUL r9k	0	1302000
2399635	341306137	Alienexecute	support morph	0	1303000
2399636	341306137	Frostbot123	tinker skill build :)	0	1305000
2399637	341306137	skirocer	ABAD and JT LUL	0	1306000
2399638	341306137	Mike_Tivoli	MORPH NETWORTH OMEGALUL	0	1306000
2399639	341306137	izaya1401	SEA GANK NotLikeThis	0	1307000
2399640	341306137	Kat0to19	ABAD LUL	0	1308000
2399641	341306137	galaron	3 wards on jungle monkaS	0	1310000
2399642	341306137	ikkalyzte	oh lmao, haven't seen him play	0	1313000
2399643	341306137	aisenal	morp LUL	0	1314000
2399644	341306137	dragon51xv	A BAD TINKER OMEGALUL	0	1314000
2399645	341306137	blesser9027	ABOT	0	1317000
2399646	341306137	rascalnicough	does the stream keep freezing for anyone else?	0	1320000
2399647	341306137	NateTheScot	@sapa_12 sorry i have both so no scamerino today sir	0	1321000
2399648	341306137	ahkuen	support morp?	0	1321000
2399649	341306137	aungmyat633	A BAD or abEEd?	0	1323000
2399650	341306137	UninstallDota	no	0	1326000
2399651	341306137	Seviore	39 HAY TAYO :) HAY TAYO :) Dia Bis Kecil Ramah :) Melaju... Melambat :) TAYO Selalu Senang	0	1326000
2399652	341306137	hackersouls999	lion KappaPride	0	1327000
2399653	341306137	TRIHARD_N_CMONBRUH	support morph Kreygasm	0	1329000
2399654	341306137	dandalyon	@HGStormy ty sir	0	1332000
2399655	341306137	Kat0to19	Mineski withoutj Mushi DansGame Mineski with Mushi PogChamp	0	1333000
2399656	341306137	avaneeded	ABoostED	0	1335000
2399657	341306137	zigzagbaby	Minoobski change lane	0	1335000
2399658	341306137	juperta	JUST TRASH NW LUL	0	1335000
2399659	341306137	Frostbot123	morph net worth LUL	0	1336000
2399660	341306137	KARSA_ORLOOOOONG	its 3 vs 1, you twitch chatters are worse than 1 mmr player	0	1336000
2399661	341306137	dragon51xv	LION > TINKER OMEGALUL	0	1339000
2399662	341306137	glorified123	abed has always been bad.. not sure why he gets hyped by the sea community	0	1340000
2399663	341306137	xinziie	Morp Netwirth OMEGALUL	0	1341000
2399664	341306137	tbe2	supp tinker PogChamp	0	1341000
2399665	341306137	treeflexed	casual doom btw pepega	0	1344000
2399666	341306137	izaya1401	9 mins still no boots NotLikeThis NotLikeThis	0	1348000
2399667	341306137	allthingschris1234	Abed B00sted TRASH	0	1348000
2399668	341306137	ludrah007	abed tinker has really bad early always	0	1350000
2399669	341306137	mikenum90	TTours	0	1350000
2399670	341306137	erele	TTours	0	1351000
2399671	341306137	Ev3n	TTours	0	1353000
2399672	341306137	Moobot	Follow BTS on Twitter https://twitter.com/BeyondTheSummit	0	1353000
2399673	341306137	shad2810	JT LUL	0	1355000
2399674	341306137	brave147	LUL MOR ????	0	1355000
2399675	341306137	blesser9027	JT MingLee	0	1355000
2399676	341306137	paulomagcaling	TTours	0	1355000
2399677	341306137	UninstallDota	TTours	0	1356000
2399678	341306137	hunterxaga	TTours	0	1357000
2399679	341306137	Frostbot123	morph stop feeding wtf	0	1358000
2399680	341306137	02wcball	TTours Clap	0	1359000
2399681	341306137	TriHard_from_TWICE	LUL JT	0	1359000
2399682	341306137	dragon51xv	MORPH OMEGALUL	0	1361000
2399683	341306137	hurlex90	PHASE BOOTS TINKER Pogchamp	0	1361000
2399684	341306137	kaguyajin	M OMEGALUL RPH	0	1364000
2399685	341306137	xinziie	Morp NET WORTH OMEGALUL	0	1365000
2399686	341306137	lelelesdx	KappaPride	0	1369000
2399687	341306137	Selarenus	OSFrog	0	1372000
2399688	341306137	frostban3_3	TTours	0	1372000
2399689	341306137	izaya1401	@karsa_orlooooong CoolStoryBob is that so , tell me bout it?	0	1372000
2399690	341306137	awzy	TTours WEPPAS NotLikeThis	0	1375000
2399691	341306137	brave147	Is this Pub game POGGERS	0	1376000
2399692	341306137	BOLA6	TTours	0	1379000
2399693	341306137	zigzagbaby	Change lane minoobski	0	1380000
2399694	341306137	RiztoniJ	kick noob Abed	0	1380000
2399695	341306137	Pranav2512	OSFrog OSFrog	0	1381000
2399696	341306137	neoex11	JT = Just Trash	0	1382000
2399697	341306137	Warden04	I hate this bracer/wraithb band meta	0	1383000
2399698	341306137	02wcball	SUPP MORPH vs SUPP TINKER PogChamp	0	1383000
2399699	341306137	shad2810	I GOOGLED JT MORPH LUL	0	1383000
2399700	341306137	nisbahmumtaz	SUPPORT MORPH NEW META PogChamp	0	1384000
2399701	341306137	TimaTea2	Lion > Morph LUL	0	1386000
2399702	341306137	Rechew	Pie should Farm Carry JT LUL	0	1389000
2399703	341306137	DottoreLunchmeat	OMEGALUL	0	1390000
2399704	341306137	lacosh99	suport morp	0	1390000
2399705	341306137	BetterFasterCheaper	LUL	0	1390000
2399706	341306137	dragon51xv	1437	0	1392000
2399707	341306137	Frostbot123	@shad2810 DONT GOOGLE monkaS	0	1394000
2399708	341306137	daggerpuppy	OSFrog POGGERS POGGERS OSFrog	0	1397000
2399709	341306137	Nika_Zura	SUPP OMEGALUL RT M OMEGALUL RPH	0	1398000
2399710	341306137	bluufish	support morphling?	0	1399000
2399711	341306137	pineapplesaredelicious	rip in peperonis	0	1399000
2399712	341306137	DaGreenChronic	1437	0	1400000
2399713	341306137	allthingschris1234	Feedling	0	1400000
2399714	341306137	uktabilizard	THEBAN	0	1401000
2399715	341306137	TriHard_from_TWICE	support morph LUL	0	1403000
2399716	341306137	SSG_Crown	riPepperonis	0	1404000
2399717	341306137	iamTheDuelist	riPepperonis	0	1406000
2399718	341306137	heepstats	is this BSJ morph ? ? ?	0	1407000
2399719	341306137	tanx911	TEA BUN LUL	0	1407000
2399720	341306137	tbe2	PogChamp SUPP MORPH	0	1408000
2399721	341306137	pikemaster	riPepperonis	0	1411000
2399722	341306137	TheFogofWar	morph supp PogChamp	0	1413000
2399723	341306137	DottoreLunchmeat	riPepperonis	0	1413000
2399724	341306137	02wcball	LYRICAL BrokeBack	0	1414000
2399725	341306137	andarooo97	who's playing morph???	0	1417000
2399726	341306137	UninstallDota	?	0	1417000
2399727	341306137	dragon51xv	FNATIC.1437 PogChamp	0	1417000
2399728	341306137	z_mert	game 1 ?	0	1419000
2399729	341306137	Trombes	Lion with the bonus damage on finger can hit morph pretty hard	0	1419000
2399730	341306137	hackersouls999	LUL	0	1421000
2399731	341306137	Alienexecute	sacrificial carry from mski lol	0	1422000
2399732	341306137	mafiaanxin	AFK LUL	0	1422000
2399733	341306137	ImperiumhaHAA	Lyrical LUL	0	1424000
2399734	341306137	izaya1401	AFK LUL BAN	0	1428000
2399735	341306137	sherlock4062	afk LUL	0	1428000
2399736	341306137	saibulat	sup morph? LUL	0	1428000
2399737	341306137	allthingschris1234	Feedling CLAP	0	1429000
2399738	341306137	SinclairDeus	Sinister Gaes KappaPride	0	1432000
2399739	341306137	daggerpuppy	NomNom	0	1433000
2399740	341306137	IamJordan23	This is why SEA did not get 3 spots in the next major	0	1447000
2399741	341306137	izaya1401	Lina LU	0	1447000
2399742	341306137	avoidingtheweeaboos	sinister gays	0	1448000
2399743	341306137	daggerpuppy	Wowee	0	1451000
2399744	341306137	RiztoniJ	disband fnatic soo weak line up team	0	1454000
2399745	341306137	MarcoPanganiban_	ONE MORE GAY IN CHAT AND I'M OUT!!!!	0	1462000
2399746	341306137	kelelel23	morphling support?	0	1463000
2399747	341306137	daggerpuppy	Warden04	0	1468000
2399748	341306137	BetterFasterCheaper	monkaS	0	1470000
2399749	341306137	heepstats	is this BSJ morph ? ? ? BSJ coach people to play like this	0	1475000
2399750	341306137	dr4gonjk	@MarcoPanganiban_ GAY	0	1478000
2399751	341306137	saibulat	member times when kunka couldn't buy quelling blade? i member	0	1480000
2399752	341306137	lelelesdx	KappaPride r9k sexist	0	1487000
2399753	341306137	cirnoes	monkaS ~~~~~~ KappaPride	0	1488000
2399754	341306137	daggerpuppy	Pranav2512	0	1488000
2399755	341306137	KARSA_ORLOOOOONG	@MarcoPanganiban_ HeyGuys hello there pretty boi KappaPride	0	1489000
2399756	341306137	dr4gonjk	+50 OSFrog	0	1492000
2399757	341306137	dragon51xv	EZ	0	1492000
2399758	341306137	mafiaanxin	KS LUL	0	1492000
2399759	341306137	kaguyajin	+50	0	1492000
2399760	341306137	treeflexed	+50	0	1492000
2399761	341306137	iamTheDuelist	+50	0	1492000
2399762	341306137	incoherent	+50	0	1493000
2399763	341306137	erele	+50	0	1494000
2399764	341306137	RHINO_Mk_II	+50	0	1494000
2399765	341306137	galaron	+	0	1494000
2399766	341306137	mcmilo	+50	0	1495000
2399767	341306137	blesser9027	+50	0	1495000
2399768	341306137	TheWooSensation	+50	0	1495000
2399769	341306137	mikenum90	+50	0	1495000
2399770	341306137	Derriosdota	STACK COUNTER	0	1496000
2399771	341306137	saibulat	+50	0	1499000
2399772	341306137	dereverse	+50	0	1499000
2399773	341306137	avaneeded	KappaPride = Gaze (no space)	0	1499000
2399774	341306137	Nika_Zura	M OMEGALUL OMEGALUL N	0	1499000
2399775	341306137	exkilly	DJ LION monkaS	0	1500000
2399776	341306137	Empty_Refrigerator	+50	0	1501000
2399777	341306137	Xzythelion	+50 OSFtog	0	1501000
2399778	341306137	hurlex90	GX50 LUL	0	1503000
2399779	341306137	ch1en_	+50 EZ	0	1503000
2399780	341306137	superpunchedout	2k chat flaming BSJ bsjCreep	0	1504000
2399781	341306137	tigersnail	pro	0	1508000
2399782	341306137	andarooo97	+50 nice	0	1509000
2399783	341306137	cirnoes	ANELE	0	1510000
2399784	341306137	daggerpuppy	EZ	0	1510000
2399785	341306137	Soulkeeper69	cmonBruh	0	1510000
2399786	341306137	dragon51xv	+50 monkaS	0	1511000
2399787	341306137	frostban3_3	+50	0	1518000
2399788	341306137	darkfate93	N OMEGALUL VA ??	0	1520000
2399789	341306137	shad2810	MingLee	0	1521000
2399790	341306137	meepo_farmer	it's weird seeing DJ kill Moon FeelsBadMan	0	1523000
2399791	341306137	izaya1401	cs LUL	0	1523000
2399792	341306137	skirocer	CS LUL	0	1526000
2399793	341306137	rubycate	r9k modeeeee FailFish	0	1529000
2399794	341306137	syahrulgp12	diediedie	0	1530000
2399795	341306137	aungmyat633	sad 10kill bettors LUL LUL	0	1532000
2399796	341306137	drenML	hi everyone	0	1533000
2399797	341306137	daggerpuppy	MikeHogu	0	1533000
2399798	341306137	Soulkeeper69	gx 50 LUL	0	1533000
2399799	341306137	hurlex90	+50 +50 +50 +50 +50 +50 = 300	0	1535000
2399800	341306137	skirocer	morph network LUL	0	1538000
2399801	341306137	MarcoPanganiban_	NIIIIIICCCCCK	0	1539000
2399802	341306137	superpunchedout	FeelsWeirdMan	0	1540000
2399803	341306137	unmoded	Chinq Chunk	0	1543000
2399804	341306137	zigzagbaby	Bye item	0	1544000
2399805	341306137	GreenHornedKiwi	OSFrog	0	1547000
2399806	341306137	lelelesdx	OSFrog	0	1548000
2399807	341306137	saibulat	OPFrog	0	1552000
2399808	341306137	izaya1401	SEA GANK NotLikeThis NotLikeThis	0	1553000
2399809	341306137	daggerpuppy	FeelsBirthdayMan	0	1553000
2399810	341306137	dragon51xv	OMEGALUL JT OMEGALUL	0	1554000
2399811	341306137	gradecurve	gg	0	1555000
2399812	341306137	tigersnail	OSFrog	0	1555000
2399813	341306137	mcmilo	OSFrog	0	1555000
2399814	341306137	Haruhiko5986orz	LUL	0	1555000
2399815	341306137	ch1en_	OSFrog	0	1555000
2399816	341306137	Windflower	OSFrog	0	1556000
2399817	341306137	UninstallDota	OP	0	1557000
2399818	341306137	tbe2	OSFrog	0	1557000
2399819	341306137	kaguyajin	OSFrog Clap	0	1558000
2399820	341306137	avaneeded	DONT THINK ABOUT IT CHAT cmonBruh	0	1559000
2399821	341306137	zigzagbaby	Minoobski	0	1559000
2399822	341306137	aungmyat633	pepehand	0	1559000
2399823	341306137	quantum_sleep	FEBBY SoBayed	0	1560000
2399824	341306137	hunterxaga	OSFrog	0	1560000
2399825	341306137	TacticalSanta	EZ	0	1560000
2399826	341306137	SSG_Crown	KappaPride	0	1561000
2399827	341306137	andarooo97	LICH MY BOI OSFrog	0	1561000
2399828	341306137	Become_a_leper_gnome	daryl TriHard Clap	0	1562000
2399829	341306137	Derriosdota	Kreygasm	0	1562000
2399830	341306137	daryldaryldaryl_	OSFrog	0	1563000
2399831	341306137	skirocer	JT lower networth than fnatic 5 LUL	0	1564000
2399832	341306137	saibulat	OSFrog Clap clap	0	1564000
2399833	341306137	RiztoniJ	this morp shoul start wartching and learn from BSJ	0	1564000
2399834	341306137	shad2810	support morphling LUL	0	1565000
2399835	341306137	0nummer	morph so bad OMEGALUL	0	1566000
2399836	341306137	AsaEverett	Sinister KappaPride OSFrog	0	1566000
2399837	341306137	jaymart030	OSFrog	0	1567000
2399838	341306137	Empty_Refrigerator	KappaPride	0	1568000
2399839	341306137	highways777	where dire ward LUL	0	1570000
2399840	341306137	Lhrlhr96	kimdooyoung?	0	1574000
2399841	341306137	gradecurve	LUL	0	1575000
2399842	341306137	TheWooSensation	LUL	0	1575000
2399843	341306137	Lemxxx	OSFrog	0	1575000
2399844	341306137	JadedWarrior	PogChamp	0	1575000
2399845	341306137	daggerpuppy	FeelsGoodMan	0	1576000
2399846	341306137	tigersnail	LMFAO	0	1576000
2399847	341306137	Soulkeeper69	OSFrog	0	1576000
2399848	341306137	hot_souffle	OSFrog MY FINEST CREATION OSFrog	0	1576000
2399849	341306137	UninstallDota	LOOOOOOOL	0	1576000
2399850	341306137	ch1en_	NEW LICH OSFrog	0	1576000
2399851	341306137	mikenum90	PogChamp	0	1577000
2399852	341306137	DottoreLunchmeat	OSFrog	0	1577000
2399853	341306137	cirnoes	OSFrog	0	1577000
2399854	341306137	erele	OSFrog	0	1577000
2399855	341306137	muxxz	OSFrog	0	1578000
2399856	341306137	allthingschris1234	embarrassing	0	1578000
2399857	341306137	zigzagbaby	Bye	0	1578000
2399858	341306137	JXY2011	LUL	0	1578000
2399859	341306137	GreenHornedKiwi	OSFrog ðŸ‘Œ	0	1578000
2399860	341306137	TacticalSanta	BRACERS	0	1578000
2399861	341306137	Haruhiko5986orz	LUL crit	0	1579000
2399862	341306137	Nika_Zura	FROST SHIELD OSFrog Clap	0	1580000
2399863	341306137	glados7130	clap LUL	0	1580000
2399864	341306137	izaya1401	SEA GANK LUL	0	1580000
2399865	341306137	aportraitof	DARYL PogChamp	0	1580000
2399866	341306137	alberttyh	OSFrog	0	1580000
2399867	341306137	jcdn21	1 more gays chat, I'm telling you	0	1581000
2399868	341306137	cuckoldntr	LUL	0	1581000
2399869	341306137	coffeewithsugar123	OSFrog OSFrog	0	1581000
2399870	341306137	darkfam	PogChamp	0	1582000
2399871	341306137	daryldaryldaryl_	PogChamp Daryl	0	1582000
2399872	341306137	MrNi8mare	OSFrog ?	0	1582000
2399873	341306137	your_african_lover	r9k OSFrog Clap	0	1582000
2399874	341306137	AlBably	EZ OSFrog	0	1582000
2399875	341306137	Windflower	daryl POGGERS	0	1583000
2399876	341306137	saibulat	OSFrog all is balanced	0	1584000
2399877	341306137	lyfissht	OSFrog	0	1585000
2399878	341306137	Moobot	Join the Beyond The Summit community Discord: http://discord.gg/bts	0	1585000
2399879	341306137	BetterFasterCheaper	LUL	0	1585000
2399880	341306137	hunterxaga	@riztonij promocode Kappa	0	1586000
2399881	341306137	meepo_farmer	Ice LUL	0	1587000
2399882	341306137	daggerpuppy	OSFrog	0	1587000
2399883	341306137	TheNextElon	ICE ICE ICE MY cmonBruh	0	1587000
2399884	341306137	hochimint	OSFrog	0	1588000
2399885	341306137	Empty_Refrigerator	DARYL LUL	0	1588000
2399886	341306137	andarooo97	OSFrog	0	1588000
2399887	341306137	mcmilo	OSFrog vs OSFrog	0	1589000
2399888	341306137	avoidingtheweeaboos	cmonBruh	0	1589000
2399889	341306137	beefchelokebab	COME TO LICH OSFrog	0	1590000
2399890	341306137	dotaextreme1721	cmonBruh	0	1591000
2399891	341306137	TacticalSanta	OSFrog	0	1591000
2399892	341306137	happy_brosky	stroke of balance	0	1591000
2399893	341306137	lelelesdx	OSFrog 7 TriHard 7	0	1592000
2399894	341306137	Xzythelion	POGGERS	0	1592000
2399895	341306137	Soulkeeper69	cmonBruh how	0	1594000
2399896	341306137	onality	LUL	0	1595000
2399897	341306137	SinclairDeus	Lich gonna have yur MAMA KappaPride	0	1595000
2399898	341306137	iCrizs	DARYL DOWN	0	1596000
2399899	341306137	bruteboy	Jabz Ice3 killing old teammate	0	1597000
2399900	341306137	avaneeded	STROKED Kreygasm KappaPride	0	1598000
2399901	341306137	Alienexecute	gg mski	0	1598000
2399902	341306137	RiztoniJ	lol ice die to support	0	1600000
2399903	341306137	GreenHornedKiwi	cmonBruh	0	1600000
2399904	341306137	izaya1401	stroke Kreygasm	0	1601000
2399905	341306137	MarcoPanganiban_	I HATE DARYL	0	1601000
2399906	341306137	darkfate93	MingBruh	0	1606000
2399907	341306137	DracoGideon	OSFrog nothing wrong	0	1606000
2399908	341306137	aportraitof	@ilikediabloimmortal phone owner Kappa	0	1610000
2399909	341306137	nikzjan27	jt strikes again. trash carry	0	1610000
2399910	341306137	Nika_Zura	mingBruh	0	1611000
2399911	341306137	avoidingtheweeaboos	crap	0	1611000
2399912	341306137	Become_a_leper_gnome	Why Grimstroke can Cancel the Q and WindRunner cant ????	0	1612000
2399913	341306137	Kelthuzad131	cmonBruh	0	1614000
2399914	341306137	Alienexecute	type gg pls mski	0	1614000
2399915	341306137	Jackdanielllll	WRAITH BAND STRAT	0	1615000
2399916	341306137	hunterxaga	support morp PogChamp	0	1616000
2399917	341306137	fantasiaVSR	????	0	1620000
2399918	341306137	saibulat	80% asian LUL	0	1620000
2399919	341306137	ilikediabloimmortal	lacJ1 lacF lacJ2	0	1621000
2399920	341306137	dr4gonjk	MORPH NETWORTH WutFace	0	1623000
2399921	341306137	drenML	u guys think last years mineski better than this years fnatic?	0	1626000
2399922	341306137	Soulkeeper69	get him LUL iski	0	1627000
2399923	341306137	aisenal	rio moro	0	1631000
2399924	341306137	GreenHornedKiwi	mpEE SeemsGood	0	1636000
2399925	341306137	gradecurve	i want kpii to win, but it's not happening this way	0	1639000
2399926	341306137	izaya1401	@become_a_leper_gnome why do we have hands and legs?	0	1642000
2399927	341306137	ludrah007	last year mineski is btter	0	1644000
2399928	341306137	daggerpuppy	mathasWow	0	1649000
2399929	341306137	lelelesdx	MP the silent hero PogChamp	0	1650000
2399930	341306137	izaya1401	Kappa	0	1653000
2399931	341306137	highways777	support morp rip mineski	0	1653000
2399932	341306137	Moobot	Follow BTS on Twitter https://twitter.com/BeyondTheSummit	0	1654000
2399933	341306137	kaguyajin	+100	0	1654000
2399934	341306137	mikenum90	+50	0	1654000
2399935	341306137	treeflexed	+50	0	1654000
2399936	341306137	mcmilo	+50	0	1655000
2399937	341306137	RHINO_Mk_II	+50	0	1656000
2399938	341306137	AsaEverett	+50 PogChamp	0	1656000
2399939	341306137	ch1en_	+50 EZ	0	1656000
2399940	341306137	tigersnail	+50	0	1657000
2399941	341306137	Ezaah	+50	0	1658000
2399942	341306137	SinclairDeus	@ilikediabloimmortal LUL	0	1658000
2399943	341306137	saibulat	+50	0	1659000
2399944	341306137	xiaolongbao111	2 stack monkaS	0	1659000
2399945	341306137	jcdn21	+50	0	1659000
2399946	341306137	erele	+50	0	1659000
2399947	341306137	allthingschris1234	quelling on bear??	0	1660000
2399948	341306137	adamantlifeorbmamoswine	+50	0	1660000
2399949	341306137	siinnx1	+50	0	1661000
2399950	341306137	TacticalSanta	EZ damage	0	1661000
2399951	341306137	hunterxaga	OSFrog	0	1661000
2399952	341306137	GreenHornedKiwi	OSFrog Lionize me	0	1661000
2399953	341306137	Selarenus	+50	0	1661000
2399954	341306137	Rechew	+50	0	1662000
2399955	341306137	avoidingtheweeaboos	wow this nlp	0	1662000
2399956	341306137	aungmyat633	abEEd LUL LUL	0	1662000
2399957	341306137	admiralbullteeezy	+50 LUL	0	1662000
2399958	341306137	quantum_sleep	DELETED	0	1663000
2399959	341306137	RiztoniJ	Dj god	0	1663000
2399960	341306137	Xzythelion	+50 Kreygasm	0	1664000
2399961	341306137	Locany	rip	0	1665000
2399962	341306137	Soulkeeper69	no mushi default lose LUL	0	1668000
2399963	341306137	dragon51xv	+100 MONKAs	0	1668000
2399964	341306137	tbe2	monkaS	0	1668000
2399965	341306137	Nika_Zura	@daryldaryldaryl_ cmonBruh ITS HIM	0	1668000
2399966	341306137	Ivankhoo	JT....	0	1674000
2399967	341306137	wintster_soggybottom	CS LUL	0	1677000
2399968	341306137	daggerpuppy	monsterbluff	0	1677000
2399969	341306137	onality	2:0 fnatic omegalul	0	1678000
2399970	341306137	Become_a_leper_gnome	@izaya1401 evolution, if we doesn't had, we wouldn't survive ultil today	0	1681000
2399971	341306137	AyeChanSoe	Abcd	0	1682000
2399972	341306137	izaya1401	whos pos 4 on mineski?	0	1683000
2399973	341306137	saibulat	50+50=100 quick maths	0	1685000
2399974	341306137	dragon51xv	KPII 0/0/0 OMEGALUL	0	1686000
2399975	341306137	zacky_veangeance	No one OP if all are OP OSFrog	0	1688000
2399976	341306137	Apocsky	Morphling 8th networth lul	0	1688000
2399977	341306137	allthingschris1234	bear items??	0	1688000
2399978	341306137	admiralbullteeezy	@izaya1401 febby	0	1691000
2399979	341306137	ch1en_	DJ is 4	0	1693000
2399980	341306137	lhaiya	Morph Support PogChamp	0	1694000
2399981	341306137	nikzjan27	morphling god LUL	0	1701000
2399982	341306137	dragon51xv	cute	0	1705000
2399983	341306137	izaya1401	@admiralbullteeezy thanks	0	1707000
2399984	341306137	Elderbuu	Lmao WTF combo XD	0	1714000
2399985	341306137	aisenal	nice aaft	0	1715000
2399986	341306137	TheBlackShotz	22-3	0	1716000
2399987	341306137	hackersouls999	JT PogChamap	0	1718000
2399988	341306137	Aposs19	mushi is the problem LUL	0	1719000
2399989	341306137	iceberserker91	22-3	0	1720000
2399990	341306137	nikzjan27	bottom 3 morpu. gg	0	1721000
2399991	341306137	hot_souffle	POTANGINAMO ?	0	1722000
2399992	341306137	NateTheScot	support morph wut	0	1724000
2399993	341306137	saibulat	effective soul bind Kappa	0	1724000
2399994	341306137	SinclairDeus	finally not constipated after 3 weeks FeelsGoodMan	0	1727000
2399995	341306137	drenML	support morphing OMEGALUL	0	1728000
2399996	341306137	heepstats	is this BSJ morph ? ? ? that Networth	0	1729000
2399997	341306137	hunterxaga	i yahoo morph networth WutFace	0	1730000
2399998	341306137	dr4gonjk	22-3 BlessRNG	0	1731000
2399999	341306137	Sasuke_Doto	just support on morph better	0	1732000
2400000	341306137	allthingschris1234	Bear Items?? anyone	0	1732000
2400001	341306137	TacticalSanta	support morph POGGERS ee approved POGGERS	0	1732000
2400002	341306137	treeflexed	support morph btw LUL	0	1733000
2400003	341306137	1loneone	hola?	0	1735000
2400004	341306137	MarcoPanganiban_	febby and jt is so bad	0	1736000
2400005	341306137	strayfool	supportling	0	1738000
2400006	341306137	Nika_Zura	@admiralbullteeezy syndW1 syndW2	0	1738000
2400007	341306137	nikzjan27	mushi better than this JT	0	1743000
2400008	341306137	andarooo97	morph bottom 3 BlessRNG give him prayers	0	1745000
2400009	341306137	Trombes	Lion has his dagger before Morph has boots FeelsBadMan	0	1746000
2400010	341306137	CanThoughtHero	support morph 7.20 meta?	0	1747000
2400011	341306137	kfc_watermelonrap	JT WITH TI WINNING MORPH LUL	0	1748000
2400012	341306137	heeko9	3 sp strat SeemsGood	0	1750000
2400013	341306137	DrDisresFAKETAXI	SHITNESKI	0	1751000
2400014	341306137	xtinct321	PogChamp PogChamp	0	1752000
2400015	341306137	siesta0794	Imba patch for lich lol	0	1753000
2400016	341306137	aungmyat633	kick febby LUL	0	1754000
2400017	341306137	Dyarz	Sentry Jebaited	0	1755000
2400018	341306137	iceberserker91	pos 5 morph LUL	0	1756000
2400019	341306137	avoidingtheweeaboos	STHINESKI	0	1758000
2400020	341306137	Owldew	Dabalaba PogChamp	0	1758000
2400021	341306137	concubine_cm	that ward trick	0	1760000
2400022	341306137	treeflexed	incoming +50	0	1763000
2400023	341306137	katsuya0	Morp is all the way dowb	0	1767000
2400024	341306137	dragon51xv	EZ KS	0	1769000
2400025	341306137	CanThoughtHero	morph support seven20 meta???	0	1770000
2400026	341306137	avoidingtheweeaboos	SHITNESKI	0	1771000
2400027	341306137	saibulat	+50	0	1772000
2400028	341306137	mcmilo	DJ Pog	0	1773000
2400029	341306137	jaymart030	CD haha	0	1774000
2400030	341306137	MrGrifft	13k viewers semifinals = dead game? brianl2Steel brianl2Steel	0	1775000
2400031	341306137	gradecurve	2x50	0	1775000
2400032	341306137	MinesaTo	morp support?	0	1776000
2400033	341306137	hot_souffle	EZ KS	0	1777000
2400034	341306137	RiztoniJ	Dj god killer	0	1781000
2400035	341306137	Zkitzor	+0	0	1784000
2400036	341306137	xtinct321	WHERE IS PANGOLIER	0	1785000
2400037	341306137	kfc_watermelonrap	PINOY MINESKI BrokeBack INTERNATIONAL MINESKI BrokeBack	0	1790000
2400038	341306137	saibulat	OSFrog	0	1791000
2400039	341306137	drenML	GG	0	1794000
2400040	341306137	hot_souffle	MY FINEST CREATION OSFrog	0	1801000
2400041	341306137	incoherent	there's a doom?	0	1803000
2400042	341306137	saibulat	kpii LUL	0	1805000
2400043	341306137	GreenHornedKiwi	Just call GG ResidentSleeper	0	1805000
2400044	341306137	fantasiaVSR	OSFrog buff support OSFrog	0	1808000
2400045	341306137	Windows10Update	FROST SHIELD FIRE PANDA OSfrog	0	1808000
2400046	341306137	highways777	Passive doom	0	1809000
2400047	341306137	cholale30	OSFrog	0	1810000
2400048	341306137	tigersnail	LUL	0	1811000
2400049	341306137	CobrahCommander	PogChamp	0	1812000
2400050	341306137	muxxz	OSFrog	0	1813000
2400051	341306137	admiralbullteeezy	OSFrog	0	1813000
2400052	341306137	Borjoyze	So is this a pub game? OpieOP	0	1813000
2400053	341306137	vishmahelaha	LuL	0	1814000
2400054	341306137	dotogoto	lolnaniPOP	0	1814000
2400055	341306137	SSG_Crown	OSFrog	0	1815000
2400056	341306137	hackersouls999	doom PogChamp ??????	0	1815000
2400057	341306137	quote_me_if_mpEE	MPEE LUL	0	1816000
2400058	341306137	tbe2	PogChamp	0	1816000
2400059	341306137	saibulat	LUL	0	1817000
2400060	341306137	HonorTheCall	DOOM BEAR LUL	0	1817000
2400061	341306137	wuaaaa	OSFrog OSFrog	0	1818000
2400062	341306137	parali44	OSFrog	0	1818000
2400063	341306137	mcmilo	MP wtf?	0	1819000
2400064	341306137	AsaEverett	call PETA LUL	0	1821000
2400065	341306137	GreenHornedKiwi	MPEE LuL	0	1821000
2400066	341306137	altezza679	BibleThump PETA	0	1821000
2400067	341306137	RiztoniJ	mpEE	0	1822000
2400068	341306137	Haruhiko5986orz	MP LUL	0	1822000
2400069	341306137	xtinct321	I DONT SEE SNIPER IN PLAY GUYS	0	1823000
2400070	341306137	skirocer	Lich OSFrog	0	1824000
2400071	341306137	bruteboy	kpii carrying	0	1824000
2400072	341306137	Derriosdota	Chain Frost LUL	0	1826000
2400073	341306137	hunterxaga	BibleThump	0	1828000
2400074	341306137	DracoGideon	OSFrog	0	1831000
2400075	341306137	limelimelimelime	20-4	0	1839000
2400076	341306137	Nika_Zura	KPII PogChamp Rest of Mineski OMEGALUL	0	1841000
2400077	341306137	lelelesdx	D OSFrog OSFrog M	0	1843000
2400078	341306137	quinnava	TNC LUL	0	1846000
2400079	341306137	tbe2	CS LUL	0	1847000
2400080	341306137	xtinct321	DRAGON KNIGHT? MORE LIKE POG	0	1851000
2400081	341306137	BossingVic	what champion abed is playing?	0	1852000
2400082	341306137	blessing_you	20-4 BlessRNG BlessRNG BlessRNG	0	1855000
2400083	341306137	dragon51xv	+50	0	1857000
2400084	341306137	treeflexed	+50	0	1859000
2400085	341306137	ClgFanPresident	this is a rerun Fanatic lose	0	1860000
2400086	341306137	Selarenus	+50	0	1860000
2400087	341306137	mikenum90	+50	0	1862000
2400088	341306137	BetterFasterCheaper	+50	0	1863000
2400089	341306137	muxxz	+50	0	1863000
2400090	341306137	Ezaah	+50	0	1863000
2400091	341306137	RHINO_Mk_II	+150	0	1864000
2400092	341306137	mcmilo	+50	0	1864000
2400093	341306137	siinnx1	+50	0	1865000
2400094	341306137	NateTheScot	+50	0	1866000
2400095	341306137	saibulat	+50	0	1866000
2400096	341306137	kebugon	+50	0	1866000
2400097	341306137	daggerpuppy	+150	0	1866000
2400098	341306137	hackersouls999	+50	0	1867000
2400099	341306137	GreenHornedKiwi	OSFrog +150	0	1867000
2400100	341306137	Haruhiko5986orz	+50	0	1867000
2400101	341306137	ikkalyzte	+50	0	1867000
2400102	341306137	supperdoggo	+50	0	1868000
2400103	341306137	Mike_Tivoli	+50 EZ Clap	0	1868000
2400104	341306137	MelodyOddity	+50	0	1868000
2400105	341306137	admiralbullteeezy	+50	0	1868000
2400106	341306137	AyeChanSoe	Any Mineski bettors ? SoBayed SoBayed SoBayed SoBayed	0	1868000
2400107	341306137	sherlock4062	+50	0	1868000
2400108	341306137	iCrizs	+50	0	1868000
2400109	341306137	SSG_Crown	DJ OSFrog	0	1869000
2400110	341306137	wuaaaa	OSFrog OSFrog OSFrog	0	1869000
2400111	341306137	gradecurve	kphoenii plx	0	1869000
2400112	341306137	andarooo97	+50 again NotLikeThis	0	1869000
2400113	341306137	TriHard_from_TWICE	+50	0	1869000
2400114	341306137	dotogoto	LICH IN EVERY GAME OSFrog	0	1870000
2400115	341306137	Xzythelion	+150 monkaS	0	1870000
2400116	341306137	matryx252	monkaS	0	1870000
2400117	341306137	falezors	+50	0	1871000
2400118	341306137	katsunathescript	DJ	0	1871000
2400119	341306137	cholale30	OPFrog	0	1872000
2400120	341306137	therealstork	+50	0	1872000
2400121	341306137	PunditG	+50 OSFrog Clap	0	1873000
2400122	341306137	hot_souffle	DJ KS	0	1876000
2400123	341306137	thwinz	L I OSFrog N	0	1876000
2400124	341306137	frostban3_3	+50	0	1877000
2400125	341306137	Derriosdota	SB Lion baby	0	1881000
2400126	341306137	pulysa	gg skpadoSkipMarginal skpadoSkipMarginal	0	1881000
2400127	341306137	kfc_watermelonrap	KS LORD LUL	0	1881000
2400128	341306137	saibulat	50+50+50= 150 OSFrog	0	1881000
2400129	341306137	cholale30	OSFrog	0	1883000
2400130	341306137	unmoded	DoomGuy	0	1883000
2400131	341306137	x10solidsnake	+50	0	1884000
2400132	341306137	Windows10Update	MaN	0	1889000
2400133	341306137	Moobot	Join the Beyond The Summit community Discord: http://discord.gg/bts	0	1889000
2400134	341306137	darkfate93	OSFrog	0	1892000
2400135	341306137	trihard_love_chat	problem OSFrog ?	0	1893000
2400136	341306137	whileFalseSemicolon	NaM up	0	1894000
2400137	341306137	daggerpuppy	BREW,GRIM,LICH,BANE IN EVERY GAME	0	1899000
2400138	341306137	xtinct321	WHERE IS TINY? HE IS MY FAVORITE SMITE HERO	0	1900000
2400139	341306137	quantum_sleep	morph still stays at top lane FailFish	0	1908000
2400140	341306137	RiztoniJ	+50 strats	0	1909000
2400141	341306137	fantasiaVSR	gx50 OSFrog gx50 OSFrog gx50 OSFrog = gx150 OSFrog	0	1909000
2400142	341306137	PrimulaRosea	damn new lion is a perfect hero for DJ	0	1913000
2400143	341306137	parali44	guys im using ie what with +50?	0	1916000
2400144	341306137	saibulat	morph u good? LUL	0	1918000
2400145	341306137	shegetot4	abed is back HSWP	0	1922000
2400146	341306137	daggerpuppy	pew pew pew	0	1922000
2400147	341306137	hackersouls999	??????	0	1931000
2400148	341306137	allthingschris1234	IS THERE BEAR WIELDING ANY FUKN ITEMS	0	1940000
2400149	341306137	NateTheScot	@parali44 u dont read patch notes do you	0	1942000
2400150	341306137	standin_mmr	Pepega GX50 Pepega	0	1944000
2400151	341306137	xtinct321	I WANNA SEE ZEUS	0	1945000
2400152	341306137	dkxdk	is this game 1 or 2	0	1951000
2400153	341306137	BetterFasterCheaper	@parali44 new lion ult	0	1951000
2400154	341306137	jaymart030	@parali44 +50 finger dmg	0	1954000
2400155	341306137	unmoded	copyThis pastaThat copyThis pastaThat	0	1954000
2400156	341306137	Moobot	Follow BTS on Twitter https://twitter.com/BeyondTheSummit	0	1954000
2400157	341306137	elesis_585	mooon wasting his talent in this team just leave ang join tigers replace iyd	0	1956000
2400158	341306137	ikkalyzte	+0	0	1962000
2400159	341306137	RatBurgerz	Newbie player LUL	0	1962000
2400160	341306137	Windflower	left newbee for this FeelsBadMan	0	1965000
2400161	341306137	GreenHornedKiwi	kpii left newbee for this FeelsBadMan	0	1967000
2400162	341306137	Euzilla	@dkxdk g1	0	1975000
2400163	341306137	saibulat	pieliedie LUL	0	1975000
2400164	341306137	aungmyat633	still DendiFace was the problem	0	1979000
2400165	341306137	parali44	@natethescot i doesnt play dota for 2,3 year now sir	0	1981000
2400166	341306137	lickylickyy	kpEE	0	1982000
2400167	341306137	treeflexed	newbie in 2k18 OMEGALUL	0	1983000
2400168	341306137	galaron	bane without the first skill FailFish	0	1984000
2400169	341306137	dkxdk	@euzilla <3	0	1987000
2400170	341306137	Selarenus	OSFrog	0	1990000
2400171	341306137	Nika_Zura	Jebaited	0	1990000
2400172	341306137	dragon51xv	OSFrog lich	0	1991000
2400173	341306137	football3o	admiralROON admiralROON ROOOONS admiralROON admiralROON	0	1992000
2400174	341306137	RoyG1995	Ditch school to binge dota 2 ? Yes or no chat?	0	1992000
2400175	341306137	saibulat	diediedie LUL	0	1992000
2400176	341306137	parali44	thx	0	1993000
2400177	341306137	tbe2	OSFrog	0	1993000
2400178	341306137	matryx252	OSFrog	0	1993000
2400179	341306137	unmoded	CHINA WAS THE PROBLEM 4Head	0	1995000
2400180	341306137	gradecurve	Jebaited	0	1995000
2400181	341306137	RatBurgerz	OSFrog	0	1996000
2400182	341306137	GreenHornedKiwi	OSFrog new lich	0	1996000
2400183	341306137	NateTheScot	@parali44 smart choice SeemsGood	0	1996000
2400184	341306137	ghisbug	420 LUL	0	1999000
2400185	341306137	brave147	OSFrog	0	1999000
2400186	341306137	reisewagon	OSFrog	0	1999000
2400187	341306137	whileFalseSemicolon	VapeNation	0	2000000
2400188	341306137	galaron	just gg out lol	0	2000000
2400189	341306137	kloo5	LUL	0	2000000
2400190	341306137	AsaEverett	4-20 PogChamp	0	2001000
2400191	341306137	FlappyNajib	420	0	2001000
2400192	341306137	andarooo97	GAZE OSFrog	0	2001000
2400193	341306137	Become_a_leper_gnome	gg	0	2001000
2400194	341306137	dragon51xv	4-20	0	2002000
2400195	341306137	Seiyuuuuu	420	0	2002000
2400196	341306137	Nosrepemos	lich gets a disable now OSFrog	0	2003000
2400197	341306137	saibulat	OSFrog	0	2003000
2400198	341306137	tbe2	CiGrip	0	2003000
2400199	341306137	xtinct321	LMAO FIGHTING IN THE FOREST, WHAT A BALANCED NUT	0	2004000
2400200	341306137	erele	420	0	2005000
2400201	341306137	BambooEX	PogChamp subs	0	2006000
2400202	341306137	Locany	420 OSFrog	0	2007000
2400203	341306137	kfc_watermelonrap	TRY TO GET A BETTER CARRY MINOOBSKI LUL	0	2007000
2400204	341306137	underpressure98	LICH OSFrog 1	0	2007000
2400205	341306137	TriHard_from_TWICE	SUBS LUL	0	2008000
2400206	341306137	therealstork	4-20	0	2008000
2400207	341306137	mistersupek	pie DIE DIE	0	2009000
2400208	341306137	danog	CiGrip	0	2011000
2400209	341306137	sherlock4062	420 LUL	0	2011000
2400210	341306137	SilverLunaR19	Mushit was the problem DendiFace	0	2011000
2400211	341306137	whileFalseSemicolon	4-20 at 20 POGGERS	0	2012000
2400212	341306137	TheDooDahMan	CiGrip 420	0	2012000
2400213	341306137	Borjoyze	Whens the GG	0	2013000
2400214	341306137	hot_souffle	NOOB PIELIEDIE	0	2013000
2400215	341306137	quantum_sleep	MINESKI GANK SoBayed	0	2015000
2400216	341306137	lelelesdx	KappaPride sinister	0	2015000
2400217	341306137	JbSol48	4-20 blaze it	0	2016000
2400218	341306137	kiboy	Pretty much over	0	2017000
2400219	341306137	saibulat	20 - 4	0	2017000
2400220	341306137	dereinzelganger	CiGrip	0	2017000
2400221	341306137	RoyG1995	Ditch school for dota yes/no chat? RlyTho	0	2018000
2400222	341306137	AyeChanSoe	Mini Medusa	0	2018000
2400223	341306137	Highscore_Gaming	blaze it	0	2018000
2400224	341306137	sadnorrisx	The dreammmmmm	0	2019000
2400225	341306137	highways777	gg	0	2021000
2400226	341306137	brave147	gg bois	0	2022000
2400227	341306137	KARSA_ORLOOOOONG	new lich is better than old lich	0	2022000
2400228	341306137	Rechew	PogChamp 420	0	2023000
2400229	341306137	Alienexecute	type gg mski	0	2023000
2400230	341306137	trjhard_yoink	What is 420?	0	2024000
2400231	341306137	BossingVic	what is the champion of abed??	0	2024000
2400232	341306137	blessing_you	420 LUL	0	2025000
2400233	341306137	reisewagon	MP PogChamp	0	2025000
2400234	341306137	Kadabra	its 20-4 not 420 u turds	0	2026000
2400235	341306137	josephplaysdota2	PogChamp	0	2027000
2400236	341306137	avoidingtheweeaboos	OWWWWWW	0	2028000
2400237	341306137	Nika_Zura	Subbing to this? WTFF	0	2029000
2400238	341306137	admiralbullteeezy	royg1995 no	0	2030000
2400239	341306137	Reinderp	@RoyG1995 yes	0	2030000
2400240	341306137	ch1en_	new lich is a mid game menace monkaS	0	2034000
2400241	341306137	xtinct321	WHERE'S THE TURTLE CONTROL?	0	2037000
2400242	341306137	Kat0to19	Mineski without Mushi DansGame Mineski with Mushi PogChamp	0	2038000
2400243	341306137	kkaileni	@RoyG1995 do both not that hard	0	2040000
2400244	341306137	reisewagon	no 3-22 :(	0	2040000
2400245	341306137	RoyG1995	50/50 DansGame	0	2041000
2400246	341306137	brandonroyeras	421	0	2045000
2400247	341306137	SilverLunaR19	13 Mushit was the problem DendiFace LUL	0	2047000
2400248	341306137	ewokskick	Isn't doom good against Tinker?	0	2051000
2400249	341306137	Unkempt_Foliage	lets go PLD BlessRNG	0	2054000
2400250	341306137	brandonroyeras	421.	0	2054000
2400251	341306137	GrundleBeards	@royg1995 not for qualifiers homie. for the major itself yep	0	2055000
2400252	341306137	aungmyat633	KappaPride lich	0	2060000
2400253	341306137	TriHard_from_TWICE	ARE YOU A TRIHARD? VoteYea VoteNay	0	2060000
2400254	341306137	arturo_fy	fuck this shit im put	0	2060000
2400255	341306137	allthingschris1234	NOOB CAMERA...	0	2062000
2400256	341306137	RoyG1995	Damn looks like im going	0	2062000
2400257	341306137	EpinephrineGR	Itâ€™s late here. If I wanted to watch inteercourse I would visit other streaming services	0	2062000
2400258	341306137	superpunchedout	I think this game is over	0	2070000
2400259	341306137	KARSA_ORLOOOOONG	VoteYea	0	2070000
2400260	341306137	hackersouls999	JT actually farming PogChamp	0	2070000
2400261	341306137	skirocer	cmonBruh	0	2070000
2400262	341306137	ch1en_	ewokskick doesnt matter if tinker's supporting cast is really good	0	2070000
2400263	341306137	Alienexecute	mski supports arent doing shit	0	2072000
2400264	341306137	whileFalseSemicolon	cmonBruh	0	2074000
2400265	341306137	0nummer	TriHard	0	2075000
2400266	341306137	admiralbullteeezy	@royg1995 bye gl at school	0	2077000
2400267	341306137	daggerpuppy	VoteYea	0	2078000
2400268	341306137	arturo_fy	VoteNay	0	2081000
2400269	341306137	nayoake99	Abed>Moon	0	2083000
2400270	341306137	ikkalyzte	monkaS	0	2084000
2400271	341306137	xtinct321	WHERE'S THE SPAWN CONTROL	0	2084000
2400272	341306137	allthingschris1234	what ITEMS is the BEAR using??? wtaf Squid1 CrreamAwk	0	2085000
2400273	341306137	0nummer	VoteYea TriHard VoteYea	0	2087000
2400274	341306137	RoyG1995	SeemsGood	0	2089000
2400275	341306137	michel23456789	lol	0	2090000
2400276	341306137	thedorkyknight	pick grimstroke = autoloose	0	2092000
2400277	341306137	nayoake99	SeemsGood	0	2095000
2400278	341306137	mr1337antipinoy	GG MINEKSI	0	2100000
2400279	341306137	trader13375	Is this the first game???	0	2102000
2400280	341306137	unmoded	BSJ SUBS? SoBayed	0	2108000
2400281	341306137	glorified123	how bad is sea dota..	0	2108000
2400282	341306137	mr1337antipinoy	1ST GAME	0	2113000
2400283	341306137	allthingschris1234	NOOB FUKN CASTERS	0	2114000
2400284	341306137	elesis_585	wonder the dude named jezreel dimaculangan magbanua whose so proud to this team just wondering where he is now...xD	0	2116000
2400285	341306137	eltrankilopepe	is grimstroke that bad?	0	2119000
2400286	341306137	Selarenus	+50	0	2119000
2400287	341306137	nayoake99	mobile legends?	0	2120000
2400288	341306137	mikenum90	LUL	0	2120000
2400289	341306137	treeflexed	OMEGALUL	0	2121000
2400290	341306137	brave147	LUL	0	2121000
2400291	341306137	tbe2	LUL	0	2121000
2400292	341306137	NateTheScot	grimstroke and doom are fine picks but their cores lost their lanes too hard	0	2122000
2400293	341306137	supperdoggo	LUL	0	2122000
2400294	341306137	PoracRalph11	DJ GOD	0	2122000
2400295	341306137	ludrah007	abed tinker has always slow early	0	2122000
2400296	341306137	Ezaah	LUL	0	2123000
2400297	341306137	daggerpuppy	+200	0	2123000
2400298	341306137	andarooo97	WTF	0	2124000
2400299	341306137	gradecurve	zzzap	0	2124000
2400300	341306137	TheWooSensation	DELETED	0	2124000
2400301	341306137	jaymart030	+50	0	2124000
2400302	341306137	ikkalyzte	LUL	0	2124000
2400303	341306137	fwup	lmfao	0	2124000
2400304	341306137	hackersouls999	LUL	0	2124000
2400305	341306137	0nummer	OMEGALUL	0	2124000
2400306	341306137	erele	OSFrog	0	2124000
2400307	341306137	trihard_love_chat	OSFrog	0	2124000
2400308	341306137	RatBurgerz	LUL	0	2124000
2400309	341306137	JadedWarrior	OOF	0	2124000
2400310	341306137	BetterFasterCheaper	OMEGALUL	0	2124000
2400311	341306137	mcmilo	LUL	0	2124000
2400312	341306137	danog	OSFrog	0	2125000
2400313	341306137	RHINO_Mk_II	+200	0	2125000
2400314	341306137	KroganElite	4Head	0	2125000
2400315	341306137	ch1en_	OSFrog	0	2125000
2400316	341306137	dr4gonjk	;I;	0	2125000
2400317	341306137	kebugon	+50	0	2126000
2400318	341306137	Dyarz	4Head	0	2126000
2400319	341306137	kaguyajin	EZ Clap	0	2126000
2400320	341306137	chicoarzadon	LUL	0	2126000
2400321	341306137	Haruhiko5986orz	deketed LUL	0	2126000
2400322	341306137	HolyWards	HaHAA	0	2126000
2400323	341306137	admiralbullteeezy	LUL	0	2127000
2400324	341306137	iamTheDuelist	+200	0	2127000
2400325	341306137	SandPitTurtle12	LUL	0	2127000
2400326	341306137	evan311	LUL	0	2127000
2400327	341306137	therealstork	OMEGALUL PogChamp	0	2128000
2400328	341306137	ayylmaoblazeit420	@TriHard_from_TWICE VoteNay GR	0	2128000
2400329	341306137	dereverse	LUL LUL LUL	0	2128000
2400330	341306137	sarao_7	FULL AGI LUL	0	2128000
2400331	341306137	taeyeontrash	LUL	0	2128000
2400333	341306137	saibulat	OSFrog +50	0	2129000
2400332	341306137	siinnx1	+50	0	2129000
2400334	341306137	x10solidsnake	core bte	0	2129000
2400335	341306137	SSG_Crown	CYA	0	2129000
2400336	341306137	Empty_Refrigerator	OSFrog	0	2129000
2400337	341306137	Elderbuu	LUL	0	2130000
2400338	341306137	arturo_fy	Poooound	0	2130000
2400339	341306137	Xzythelion	+200 monkaS	0	2130000
2400340	341306137	tigersnail	looool	0	2131000
2400341	341306137	TheoHallenius	Fnatic vs Creeps	0	2131000
2400342	341306137	souljah92	22-4	0	2131000
2400343	341306137	TheFogofWar	4Head	0	2132000
2400344	341306137	tibanker	LUL OSFrog	0	2132000
2400345	341306137	SVPV	OSFrog ðŸ‘Œ	0	2132000
2400346	341306137	PooKiiee	+200 dmg	0	2134000
2400347	341306137	JbSol48	DELETED \	0	2134000
2400348	341306137	TriHard_from_TWICE	OSFrog	0	2135000
2400349	341306137	SilverLunaR19	SOBALD	0	2135000
2400350	341306137	quinnava	Miseki gaming LUL	0	2136000
2400351	341306137	AlBably	Deleted OSFrog	0	2137000
2400352	341306137	Rechew	OSFrog	0	2138000
2400353	341306137	therealstork	OSFrog	0	2138000
2400354	341306137	unmoded	China is much bad rather than China	0	2138000
2400355	341306137	Selarenus	gg	0	2140000
2400356	341306137	wuaaaa	OSFrog OSFrog	0	2142000
2400357	341306137	i3l4ckm0rz	OSFrog	0	2146000
2400358	341306137	your_african_lover	FEBBY DOG LUL	0	2146000
2400359	341306137	SilverLunaR19	EZ LUL	0	2148000
2400360	341306137	admiralbullteeezy	Jabz OMEGALUL	0	2149000
2400361	341306137	Alienexecute	type gg idiot	0	2151000
2400362	341306137	tbe2	Febbina PepeHands	0	2151000
2400363	341306137	verozone	Grimstroke is overrated, shadow shaman is better	0	2152000
2400364	341306137	JbSol48	OSFrog	0	2155000
2400365	341306137	trihard_love_chat	+200 OSFrog	0	2156000
2400366	341306137	saibulat	OSFrog OSFrog balance in all things	0	2158000
2400367	341306137	RHINO_Mk_II	+400	0	2160000
2400368	341306137	Thors_Goat	go next	0	2160000
2400369	341306137	daggerpuppy	OSFrog G OSFrog G OSFrog	0	2160000
2400370	341306137	avoidingtheweeaboos	@unmoded what the fuck is that syntax ROFL	0	2161000
2400371	341306137	hadurt01	onehit	0	2162000
2400372	341306137	dotogoto	chiS	0	2162000
2400373	341306137	tubesockgames	MINESKI FAIL	0	2163000
2400374	341306137	PoracRalph11	+200 Kreygasm	0	2163000
2400375	341306137	aungmyat633	ping pong major MikeHogu MikeHogu	0	2164000
2400376	341306137	GreenHornedKiwi	OSFrog my finest work	0	2165000
2400377	341306137	galaron	1300 dmg	0	2166000
2400378	341306137	quote_me_if_mpEE	OSFrog	0	2167000
2400379	341306137	lelelesdx	420 VapeNation	0	2174000
2400380	341306137	hackersouls999	abad LUL	0	2174000
2400381	341306137	Borjoyze	Carry Lion. Finally PogChamp	0	2175000
2400382	341306137	hoolzq	TTours TTours	0	2177000
2400383	341306137	aisenal	JT BibleThump	0	2178000
2400384	341306137	RSpencerGaming	nothing wrong with plus 50 damage OSFrog	0	2179000
2400385	341306137	Mike_Tivoli	+200 WTF monkaS	0	2180000
2400386	341306137	gradecurve	oooof	0	2181000
2400387	341306137	PoracRalph11	KPII LUL	0	2182000
2400388	341306137	dragon51xv	jabz solo kill OMEGALUL	0	2182000
2400389	341306137	Locany	TTours	0	2182000
2400390	341306137	loanbis	LUL	0	2183000
2400391	341306137	Xzythelion	Jebaited	0	2184000
2400392	341306137	GreenHornedKiwi	AFK LuL	0	2184000
2400393	341306137	Danks245	OSFrog OSFrog OSFrog OSFrog OSFrog	0	2185000
2400394	341306137	Selarenus	ward LUL	0	2186000
2400395	341306137	tbe2	LULW	0	2186000
2400396	341306137	quote_me_if_mpEE	LUL	0	2187000
2400397	341306137	Zeken75	LOL	0	2188000
2400398	341306137	ch1en_	KPII WITHOUT SCCC LUL	0	2188000
2400399	341306137	arturo_fy	LUL	0	2188000
2400400	341306137	uberdrivel	get aghs Kreygasm	0	2188000
2400401	341306137	shad2810	NICE WARD LUL	0	2189000
2400402	341306137	lockkkyy	ward	0	2190000
2400403	341306137	Moobot	Join the Beyond The Summit community Discord: http://discord.gg/bts	0	2190000
2400404	341306137	saibulat	TTours	0	2190000
2400405	341306137	juperta	actually throwing LUL	0	2191000
2400406	341306137	RSpencerGaming	what kind of ward is that	0	2192000
2400407	341306137	TriHard_from_TWICE	WARD LUL	0	2192000
2400408	341306137	cholale30	call GG please	0	2193000
2400409	341306137	mcmilo	WARD LUL	0	2193000
2400410	341306137	dotogoto	WORTH	0	2195000
2400411	341306137	concubine_cm	enemy has vision	0	2197000
2400412	341306137	Lanmi91	value vision	0	2197000
2400413	341306137	izaaarc	ward LUL	0	2197000
2400414	341306137	Trombes	OpenAI ward	0	2197000
2400415	341306137	arturo_fy	nice wars	0	2198000
2400416	341306137	Muhjawn	300iq ward	0	2202000
2400417	341306137	maxduds	PRO DOTA WARD LUL	0	2203000
2400418	341306137	Alienexecute	call gg idiots	0	2203000
2400419	341306137	lhaiya	Next level ward PogChamp PogChamp	0	2206000
2400420	341306137	Unkempt_Foliage	BlessRNG lets go PLD BlessRNG	0	2206000
2400421	341306137	Rechew	IQ 300	0	2210000
2400422	341306137	SilverLunaR19	21 Mushit was the problem DendiFace	0	2212000
2400423	341306137	alberttyh	wtf ward WutFace	0	2212000
2400424	341306137	brave147	LUL this game	0	2213000
2400425	341306137	whileFalseSemicolon	mushi died for this LUL	0	2215000
2400426	341306137	AsaEverett	DJ God PogChamp LUL	0	2217000
2400427	341306137	kfc_watermelonrap	NEW TINKER WARD LUL	0	2218000
2400428	341306137	monsterbluff	NA DOTA LUL	0	2220000
2400429	341306137	admiralbullteeezy	masonxdBless	0	2221000
2400430	341306137	tubesockgames	gg 23 minutes into bo3 n1	0	2221000
2400431	341306137	Selarenus	Kreygasm	0	2221000
2400432	341306137	nayoake99	lina ward	0	2221000
2400433	341306137	lockkkyy	sb lion	0	2224000
2400434	341306137	iamTheDuelist	Kreygasm	0	2224000
2400435	341306137	Dyarz	Kreygasm	0	2224000
2400436	341306137	lawsonac	Kreygasm	0	2227000
2400437	341306137	Elderbuu	FINGURRRRR	0	2228000
2400438	341306137	Nika_Zura	Kreygasm FINGER THE MORPH	0	2228000
2400439	341306137	mistersupek	PIEDIEDIE	0	2229000
2400440	341306137	sdo1213	Kreygasm	0	2229000
2400441	341306137	lelelesdx	Kreygasm	0	2229000
2400442	341306137	Windflower	finger Kreygasm	0	2230000
2400443	341306137	saibulat	Kreygasm	0	2231000
2400444	341306137	TriHard_from_TWICE	Kreygasm	0	2231000
2400445	341306137	shenjiwar	alpha lion Pog	0	2231000
2400446	341306137	uberdrivel	> We need wards.	0	2232000
2400447	341306137	alievgaem	20000	0	2233000
2400448	341306137	kjd7	Are they trolling	0	2234000
2400449	341306137	bhakonan	Kreygasm	0	2235000
2400450	341306137	alberttyh	Lion farm Kreygasm	0	2236000
2400451	341306137	Mike_Tivoli	monkaS	0	2238000
2400452	341306137	quote_me_if_mpEE	monkaS	0	2238000
2400453	341306137	leeMing322	kpii from being runner up TI to this	0	2240000
2400454	341306137	Nika_Zura	FINGER THE LINA Kreygasm Kreygasm	0	2247000
2400455	341306137	spamnom	the morph cant get anymore wet	0	2250000
2400456	341306137	red___shirt___	Just finger the Morphling! Kreygasm KappaPride	0	2251000
2400457	341306137	JDelphi	caster math lmao	0	2251000
2400458	341306137	Nosrepemos	quik maffs TriHard	0	2252000
2400459	341306137	ch1en_	975.99 Kappa	0	2252000
2400460	341306137	brave147	Noob Caster NotLikeThis	0	2257000
2400461	341306137	Moobot	Follow BTS on Twitter https://twitter.com/BeyondTheSummit	0	2257000
2400462	341306137	tbe2	ðŸ¤”	0	2259000
2400463	341306137	Elderbuu	WUT Absurd damage LOL	0	2260000
2400464	341306137	tigersnail	*.75	0	2260000
2400465	341306137	alievgaem	NEW LION OSFrog Clap	0	2260000
2400466	341306137	Mike_Tivoli	976 + 200 monkaS	0	2261000
2400467	341306137	TriHard_from_TWICE	NA MATH LUL	0	2262000
2400468	341306137	dr4gonjk	@BeyondTheSummit Talent as well :)	0	2263000
2400469	341306137	kfc_watermelonrap	1134 DAMAGE LUL	0	2265000
2400470	341306137	bodokia	NO LECPECT ME BAN U MingLee We planning to ban all player to secure 16slots in ti9 MingLee My Country My TI MingLee	0	2267000
2400471	341306137	admiralbullteeezy	EU MATH LUL	0	2269000
2400472	341306137	highways777	report doom	0	2273000
2400473	341306137	quote_me_if_mpEE	AFK LUL	0	2276000
2400474	341306137	elesis_585	mushi left mineski hoping OG sign himï¿¼	0	2276000
2400475	341306137	ikkalyzte	+0	0	2278000
2400476	341306137	skirocer	didn't finger DansGame	0	2279000
2400477	341306137	TheoHallenius	not even competitive lol	0	2281000
2400478	341306137	quinnava	LEL	0	2282000
2400479	341306137	saibulat	doooooom me	0	2282000
2400480	341306137	RSpencerGaming	900 + 200 = 1100 Kappa	0	2283000
2400481	341306137	harlemsnake11	N ice math MingLee	0	2285000
2400482	341306137	Hershy_	26-5	0	2288000
2400483	341306137	Alienexecute	no wards from mski side LUL	0	2289000
2400484	341306137	tigersnail	you don't skip finger DansGame	0	2292000
2400485	341306137	Duck1t	no finger	0	2292000
2400486	341306137	kaguyajin	TTours	0	2293000
2400487	341306137	trjhard_yoink	@bodokia Lmao	0	2294000
2400488	341306137	dotogoto	TTours	0	2295000
2400489	341306137	Rechew	720 Lina ulti LUL	0	2296000
2400490	341306137	mikenum90	OSFrog	0	2296000
2400491	341306137	PoracRalph11	TTours	0	2297000
2400492	341306137	1BuBuKa	TTours	0	2298000
2400493	341306137	treeflexed	+50	0	2299000
2400494	341306137	BossingVic	what champion dj is playing??	0	2300000
2400495	341306137	danog	CALL IT	0	2300000
2400496	341306137	quote_me_if_mpEE	OSFrog	0	2300000
2400497	341306137	BetterFasterCheaper	+50	0	2300000
2400498	341306137	mcmilo	+50	0	2300000
2400499	341306137	bruteboy	gg	0	2301000
2400500	341306137	Unkempt_Foliage	PogCHamp +50 PogChamp	0	2301000
2400501	341306137	NateTheScot	_50	0	2301000
2400502	341306137	PooKiiee	+50	0	2301000
2400503	341306137	RHINO_Mk_II	+250	0	2302000
2400504	341306137	brave147	Call GG already NotLikeThis	0	2303000
2400505	341306137	saibulat	Gg	0	2303000
2400506	341306137	projectpatrice	new mski zzzzzzz	0	2303000
2400507	341306137	nayoake99	liquid 29 0	0	2306000
2400508	341306137	Nosrepemos	lespect my math skillz MingLee	0	2307000
2400509	341306137	AsaEverett	EZ +250 PogChamp	0	2307000
2400510	341306137	TriHard_from_TWICE	BabyRage	0	2308000
2400511	341306137	sherlock4062	get over here LUL	0	2308000
2400512	341306137	quinnava	EZ MINESKI	0	2309000
2400513	341306137	beefchelokebab	@BossingVic DansGame	0	2317000
2400514	341306137	ch1en_	frost armor EZ	0	2318000
2400515	341306137	xinziie	EZ	0	2320000
2400516	341306137	h4ppily	cmonBruh why him	0	2323000
2400517	341306137	saibulat	cmonBruh	0	2329000
2400518	341306137	daggerpuppy	+300	0	2329000
2400519	341306137	andarooo97	+200	0	2330000
2400520	341306137	PoracRalph11	+300	0	2332000
2400521	341306137	DalikSkywing	bear on bear action	0	2333000
2400522	341306137	hackersouls999	bear BibleThump	0	2334000
2400523	341306137	tbe2	deny Pog	0	2336000
2400524	341306137	gradecurve	unlocked yr own shrines LUL	0	2339000
2400525	341306137	Nika_Zura	PogChamp	0	2340000
2400526	341306137	ClydeP	!caster	0	2342000
2400527	341306137	PoracRalph11	ICEICICE LUL	0	2349000
2400528	341306137	h4ppily	EZ Clap	0	2349000
2400529	341306137	sdo1213	OSFrog	0	2352000
2400530	341306137	ClydeP	who is casting guys?	0	2352000
2400531	341306137	arturo_fy	Lina BB ResidentSleeper	0	2353000
2400532	341306137	rayvoxx	OMEGALUL	0	2355000
2400533	341306137	dragon51xv	KPII OMEGALUL	0	2357000
2400534	341306137	ch1en_	KPII LUL	0	2360000
2400535	341306137	juperta	micro LUL	0	2362000
2400536	341306137	ãƒã‚ªãƒ³ã‚·	kpii without newbee LUL	0	2365000
2400537	341306137	PoracRalph11	KPII LUL	0	2366000
2400538	341306137	cuckoldntr	EZ Clap	0	2367000
2400539	341306137	matryx252	ResidentSleeper just call it	0	2367000
2400540	341306137	bruteboy	TI FINALIST	0	2368000
2400541	341306137	bodokia	MPee	0	2369000
2400542	341306137	Gwyphon	D OMEGALUL OMEGALUL M IMPACT	0	2370000
2400543	341306137	Mike_Tivoli	KPII PepeHands	0	2370000
2400544	341306137	highways777	26 min only 1doom use	0	2371000
2400545	341306137	xtinct321	LMAO WHEN YOU CANT END BECAUSE YOU NEED THE HELP OF RUNES	0	2371000
2400546	341306137	admiralbullteeezy	Doom OMEGALUL	0	2371000
2400547	341306137	b0mmie	KLII LOST IN THE WOODS LUL	0	2372000
2400548	341306137	WifesJuicy	good thing newbee kicked Kpii	0	2373000
2400549	341306137	TyphoonAU	gods and jenkins	0	2373000
2400550	341306137	andarooo97	not much wards from minesku side	0	2373000
2400551	341306137	kawin159	report this doom	0	2374000
2400552	341306137	lelelesdx	MP god PogChamp	0	2374000
2400553	341306137	saibulat	good game here ResidentSleeper	0	2375000
2400554	341306137	concubine_cm	@ClydeP says it in the title ;)	0	2375000
2400555	341306137	evan311	KA LE	0	2376000
2400556	341306137	whostheman888	pick a doom and he doomed once this whole game LUL	0	2377000
2400557	341306137	dragon51xv	NEWBEE WAS RIGHT OMEGALUL	0	2378000
2400558	341306137	Zeken75	the 322 dream is gone FeelsBadMan	0	2380000
2400559	341306137	myradius	kpEE LUL	0	2380000
2400560	341306137	skirocer	Newbee left Kpii for this NotLikeThis	0	2383000
2400561	341306137	kfc_watermelonrap	KPII GETTING CARRIED IN NEWBIE CONFIRMED LUL	0	2385000
2400562	341306137	Nosrepemos	kpii on not good team FeelsBadMan	0	2391000
2400563	341306137	JXY2011	Newbee in 2018 LUL LUL	0	2391000
2400564	341306137	Elderbuu	@andarooo97 Not much of anything on mineski side	0	2392000
2400565	341306137	WifesJuicy	NEWBEE WAS LEFT	0	2393000
2400566	341306137	ch1en_	kpii without sccc EleGiggle	0	2395000
2400567	341306137	sdo1213	monkaS	0	2396000
2400568	341306137	lickylickyy	kpEE Lmao	0	2396000
2400569	341306137	mistersupek	PINOY DOTO?	0	2398000
2400570	341306137	shad2810	MUSHI LEFT MINESKI FOR THIS SeemsGood	0	2400000
2400571	341306137	Kat0to19	Kpii left Newbee for this LUL	0	2400000
2400572	341306137	ClydeP	@concubine_cm thanks! i got confused a bit cause someone sounds like BSJ. thanks for the headsup	0	2402000
2400573	341306137	mcmilo	LUL	0	2405000
2400574	341306137	Mike_Tivoli	DJ PogChamp	0	2405000
2400575	341306137	dotogoto	EZ	0	2406000
2400576	341306137	Fraudpatch	iceiceice, kpii in China PogChamp iceiceice kpii in Sea LUL	0	2407000
2400577	341306137	ikkalyzte	LUL	0	2407000
2400578	341306137	Arteriovenous	LUL	0	2408000
2400579	341306137	Nika_Zura	@concubine_cm Sub DansGame	0	2409000
2400580	341306137	admiralbullteeezy	@dragon51xv newbee didn't even get past opens LUL	0	2409000
2400581	341306137	supperdoggo	Oww	0	2409000
2400582	341306137	saibulat	LUL	0	2410000
2400583	341306137	daggerpuppy	AngelThump	0	2412000
2400584	341306137	kevinararagi_	NEWBEE WITHOUT KPII AND KPII WITHOUT NEWBEE LUL	0	2413000
2400585	341306137	xantcha	diediedie	0	2416000
2400586	341306137	bambeezee	LEANER KKrikey	0	2416000
2400587	341306137	lickylickyy	New EE	0	2418000
2400588	341306137	Rechew	owwwww	0	2418000
2400589	341306137	arturo_fy	LUL	0	2418000
2400590	341306137	Dyarz	diediedie 4Head	0	2418000
2400591	341306137	concubine_cm	@ClydeP the guy with 'whimpier voice' is probably Jenkins	0	2420000
2400592	341306137	MinesaTo	1 hit LUL	0	2420000
2400593	341306137	TriHard_from_TWICE	LUL	0	2422000
2400594	341306137	AsaEverett	DJ so Rich PogChamp	0	2422000
2400595	341306137	Lanmi91	pie dogshit	0	2422000
2400596	341306137	aisenal	Bane BibleThump	0	2428000
2400597	341306137	evan311	LUL	0	2429000
2400598	341306137	PoracRalph11	MP Pog	0	2430000
2400599	341306137	TriHard_from_TWICE	cmonBruh	0	2433000
2400600	341306137	TomandJerrytas	5carry :P	0	2433000
2400601	341306137	whileFalseSemicolon	OSFrog capitalism	0	2433000
2400602	341306137	lickylickyy	mpEE vs kpEE	0	2435000
2400603	341306137	Unkempt_Foliage	clinkz BibleTHump	0	2436000
2400604	341306137	Mike_Tivoli	monkaS	0	2436000
2400605	341306137	Kharamain	OD is so bad now	0	2436000
2400606	341306137	buggerttm	diedieide	0	2437000
2400607	341306137	ãƒã‚ªãƒ³ã‚·	od is broken LUL	0	2439000
2400608	341306137	concubine_cm	DJ having too much fun	0	2439000
2400609	341306137	matryx252	monkaS	0	2440000
2400610	341306137	ch1en_	OMEGALUL D	0	2441000
2400611	341306137	ClydeP	@concubine_cm yep! description on point lol	0	2441000
2400612	341306137	myglasstrip	The 1% hero	0	2442000
2400613	341306137	Kat0to19	- Mineski without Mushi DansGame Mineski with Mushi PogChamp	0	2442000
2400614	341306137	your_african_lover	OSFrog I AM THE 1%	0	2443000
2400615	341306137	Nika_Zura	OSFrog	0	2443000
2400616	341306137	skirocer	322	0	2444000
2400617	341306137	admiralbullteeezy	OSFrog	0	2446000
2400618	341306137	LSU1452	huskar pepehands	0	2446000
2400619	341306137	maxduds	od PepeHands	0	2446000
2400620	341306137	Unkempt_Foliage	clinkz BibleThump totally terrible	0	2447000
2400621	341306137	dragon51xv	322 monkaS	0	2447000
2400622	341306137	mcmilo	322	0	2447000
2400623	341306137	whileFalseSemicolon	322	0	2448000
2400624	341306137	saibulat	ooooh	0	2450000
2400625	341306137	Hershy_	Clinkz LUL	0	2450000
2400626	341306137	thedorkyknight	apparition still bad	0	2451000
2400627	341306137	PoracRalph11	322	0	2453000
2400628	341306137	lockkkyy	call it	0	2454000
2400629	341306137	eltrankilopepe	OSFrog IM A GENIOUS	0	2456000
2400630	341306137	Harctor1	OSFrog	0	2457000
2400631	341306137	loanbis	322	0	2457000
2400632	341306137	therealstork	322	0	2458000
2400633	341306137	Mike_Tivoli	Chain Frost Kreygasm	0	2460000
2400634	341306137	BetterFasterCheaper	OSFrog	0	2460000
2400635	341306137	Arteriovenous	Mushi was right	0	2460000
2400636	341306137	ch1en_	CHAIN FROST OSFrog	0	2460000
2400637	341306137	ikkalyzte	LUL	0	2460000
2400638	341306137	dragon51xv	OSFrog lich OSFrog	0	2461000
2400639	341306137	maxduds	OSFrog	0	2461000
2400640	341306137	iamdb9	OSFrog	0	2462000
2400641	341306137	NateTheScot	+50	0	2462000
2400642	341306137	lawsonac	pretty ^ 2	0	2463000
2400643	341306137	somuchpleb	mineski? SoBayed	0	2464000
2400644	341306137	xinziie	Jebaite	0	2464000
2400645	341306137	SSG_Crown	OSFrog	0	2464000
2400646	341306137	Lennyt11	OMEGALUL	0	2464000
2400647	341306137	wowex	tears in my eyes	0	2464000
2400648	341306137	lickylickyy	kpEE	0	2464000
2400649	341306137	AsaEverett	Big D DJ got it OSFrog	0	2465000
2400650	341306137	lelelesdx	OSFrog	0	2465000
2400651	341306137	glorified123	OD is soooo bad rn	0	2466000
2400652	341306137	Lanmi91	pretty pretty pretty	0	2467000
2400653	341306137	gradecurve	pretty pretty	0	2467000
2400654	341306137	arturo_fy	CF 10K	0	2467000
2400655	341306137	sarao_7	pretty pretty? BrokeBack	0	2467000
2400656	341306137	TriHard_from_TWICE	OSFrog	0	2468000
2400657	341306137	Nika_Zura	monkaS	0	2468000
2400658	341306137	loanbis	OSFrog	0	2469000
2400659	341306137	etutitsni_langis	BIG DADDY DJ Kreygasm	0	2471000
2400660	341306137	tibanker	LUL	0	2471000
2400661	341306137	EluciadeLuteIma	rooAYAYA	0	2472000
2400662	341306137	saibulat	turn around and around and around	0	2472000
2400663	341306137	juperta	JABZ PogChamp	0	2472000
2400664	341306137	cirnoes	TriHard hide	0	2474000
2400665	341306137	concubine_cm	dead lane player	0	2475000
2400666	341306137	PoracRalph11	DIE LUL	0	2476000
2400667	341306137	MinesaTo	cant kill lion LUL	0	2476000
2400668	341306137	i3l4ckm0rz	Rich OSFrog	0	2476000
2400669	341306137	admiralbullteeezy	bsjDeadlane bsjDeadlane bsjDeadlane	0	2477000
2400670	341306137	adrianIban	D E A D L A N E	0	2478000
2400671	341306137	Fraudpatch	Mski disband LUL	0	2480000
2400672	341306137	TheoHallenius	gg	0	2481000
2400673	341306137	Mike_Tivoli	kpEE OMEGALUL	0	2481000
2400674	341306137	I_POW_BYTE	rooAYAYA	0	2482000
2400675	341306137	aportraitof	322 SoBayed ? 322 SoBayed ? 322 SoBayed ?	0	2483000
2400676	341306137	kirbynator	@glorified123 he was good when he destroyed me an hour ago :(	0	2484000
2400677	341306137	Jellicious_x9	SO SMART OSFrog	0	2484000
2400678	341306137	GrappaPride	monkaS	0	2485000
2400679	341306137	tbe2	KPEE LUL	0	2490000
2400680	341306137	PoracRalph11	DETECTION LUL	0	2491000
2400681	341306137	Moobot	Join the Beyond The Summit community Discord: http://discord.gg/bts	0	2491000
2400682	341306137	highways777	this doom so stupid	0	2491000
2400683	341306137	AsaEverett	they was witing for lion ULT cd	0	2492000
2400684	341306137	quatre24	daddy	0	2493000
2400685	341306137	twtwt	this is so sad to watch	0	2493000
2400686	341306137	Nika_Zura	FeelsBadMan	0	2494000
2400687	341306137	NateTheScot	+250	0	2496000
2400688	341306137	skirocer	didn't wait 5 seconds for finger cooldown DansGame	0	2496000
2400689	341306137	dotogoto	chiAya	0	2497000
2400690	341306137	Seiyuuuuu	40	0	2499000
2400691	341306137	the15fly	DJ Kreygasm	0	2501000
2400692	341306137	Lanmi91	dead brain player	0	2501000
2400693	341306137	ClydeP	20	0	2502000
2400694	341306137	evan311	LUL	0	2502000
2400695	341306137	whileFalseSemicolon	TehePelo	0	2503000
2400696	341306137	sarao_7	12 sec BrokeBack	0	2505000
2400697	341306137	BroShock_	20	0	2505000
2400698	341306137	Gwyphon	LuL Kpii	0	2506000
2400699	341306137	1000YearsAgoIntoTheFuture	20	0	2506000
2400700	341306137	supperdoggo	20	0	2506000
2400701	341306137	ikkalyzte	20s	0	2508000
2400702	341306137	TriHard_from_TWICE	BabyRage	0	2508000
2400703	341306137	sdo1213	20s cd OSFrog	0	2510000
2400704	341306137	RSpencerGaming	why not finger	0	2512000
2400705	341306137	Coolpix60	@Seiyuuuuu 40 is regular cd at lvl 3 ult	0	2514000
2400706	341306137	somuchpleb	Pie LUL	0	2515000
2400707	341306137	JbSol48	DJ Carry	0	2517000
2400708	341306137	glorified123	@kirbynator his new ability is 100% pointless lol, hes like the worse hero in dota rn	0	2518000
2400709	341306137	I_POW_BYTE	weebs roo4	0	2520000
2400710	341306137	gradecurve	"kpii isn't spamming his usual positive ""well played!"" FeelsBadMan"	0	2521000
2400711	341306137	tbe2	PogChamp	0	2522000
2400712	341306137	st_st_st_st_st	silenced	0	2524000
2400713	341306137	Dyarz	322 POGGERS	0	2533000
2400714	341306137	kirbynator	@glorified123 42% slow on every orbs right?	0	2535000
2400715	341306137	Harctor1	LUL	0	2535000
2400716	341306137	skirocer	322	0	2536000
2400717	341306137	darkfam	WOW	0	2537000
2400718	341306137	CemerCemer	WutFace	0	2537000
2400719	341306137	satbimru	322 DIE LUL	0	2537000
2400720	341306137	mcmilo	LUL	0	2538000
2400721	341306137	ikkalyzte	LUL	0	2538000
2400722	341306137	Mike_Tivoli	JT OMEGALUL	0	2538000
2400723	341306137	galaron	JT LuL	0	2538000
2400724	341306137	limelimelimelime	LUL	0	2539000
2400725	341306137	Arteriovenous	LUL	0	2539000
2400726	341306137	zimaut	EE >> Mushi >> Pieliedie	0	2539000
2400727	341306137	SSG_Crown	ABAD LUL	0	2539000
2400728	341306137	fwup	LUL rofl	0	2540000
2400729	341306137	BambooEX	the abed throws	0	2540000
2400730	341306137	quote_me_if_mpEE	LUL	0	2541000
2400731	341306137	TriHard_from_TWICE	JT LUL	0	2541000
2400732	341306137	TacticalSanta	ROFL	0	2541000
2400733	341306137	tibanker	LUL	0	2541000
2400734	341306137	PoracRalph11	LUL	0	2543000
2400735	341306137	ch1en_	ABED Jebaited	0	2543000
2400736	341306137	Rechew	LUL	0	2544000
2400737	341306137	sherlock4062	JT LUL	0	2544000
2400738	341306137	saibulat	LUL	0	2545000
2400739	341306137	Ance	KPII BACK TO PLAY IN THE 2K AUSSIE TOURNAMENTS LUL	0	2545000
2400740	341306137	dereverse	time to 322	0	2545000
2400741	341306137	loanbis	OSFrog	0	2547000
2400742	341306137	darkfam	SO FAST FINGERS WTFFFF	0	2548000
2400743	341306137	evan311	LUL	0	2549000
2400744	341306137	RSpencerGaming	lmao Jt	0	2550000
2400745	341306137	arturo_fy	A BAD	0	2550000
2400746	341306137	TacticalSanta	SEA DOTO	0	2552000
2400747	341306137	Mike_Tivoli	JT OMEGALUL JT	0	2553000
2400748	341306137	KumaRyoma	LUL	0	2554000
2400749	341306137	Kat0to19	JT LUL	0	2559000
2400750	341306137	Moobot	Follow BTS on Twitter https://twitter.com/BeyondTheSummit	0	2559000
2400751	341306137	ludrah007	Fnatic playing ther food too much again	0	2562000
2400752	341306137	lockkkyy	trihard	0	2565000
2400753	341306137	evan311	Jebaited	0	2566000
2400754	341306137	tbe2	LUL	0	2568000
2400755	341306137	andarooo97	LUL GRIP	0	2570000
2400756	341306137	Nika_Zura	PLD OMEGALUL	0	2570000
2400757	341306137	sdo1213	PIEDIEDIE LUL	0	2571000
2400758	341306137	Harctor1	DIEDIEDIE	0	2572000
2400759	341306137	Abruzzix	kaiaOof1	0	2574000
2400760	341306137	trsmo1	DieDieDie	0	2574000
2400761	341306137	TacticalSanta	die die die FeelsBadMan	0	2575000
2400762	341306137	Unkempt_Foliage	+50	0	2576000
2400763	341306137	Mike_Tivoli	DELETED OSFrog DELETED	0	2576000
2400764	341306137	PooKiiee	+50	0	2578000
2400765	341306137	Cestlavie45	GG LUL	0	2579000
2400766	341306137	PoracRalph11	DIEDIIDEI	0	2579000
2400767	341306137	RHINO_Mk_II	+300	0	2579000
2400768	341306137	mikenum90	gg LUL	0	2579000
2400769	341306137	iamdb9	LUL NESKI	0	2579000
2400770	341306137	BambooEX	gg	0	2580000
2400771	341306137	wintster_soggybottom	gg	0	2581000
2400772	341306137	saibulat	+50	0	2581000
2400773	341306137	korokosokoro	gg LUL	0	2582000
2400774	341306137	Nika_Zura	EZ Clap	0	2582000
